date,product_id,category,state,city,store_format,season,price,discount,past_sales,stock_on_hand,reorder_level,lead_time_days,demand
2023-04-08,IN-SKU-10000,Home Care,Tamil Nadu,Coimbatore,Convenience Store,summer,143.1,17,312.0,324,144,6,243.42
2025-07-09,IN-SKU-10001,Electronics,Kerala,Thiruvananthapuram,Convenience Store,monsoon,23152.53,15,153.0,110,105,6,8.0
2025-07-29,IN-SKU-10002,Home Care,Tamil Nadu,Chennai,Hypermarket,monsoon,730.37,25,287.0,331,136,6,233.06
2024-06-29,IN-SKU-10003,Personal Care,Maharashtra,Pune,Convenience Store,summer,872.71,6,117.0,168,167,5,136.46
2024-05-22,IN-SKU-10004,FMCG,Maharashtra,Nagpur,Convenience Store,summer,216.42,19,269.0,300,130,3,234.63
2024-04-21,IN-SKU-10005,Perishables,Tamil Nadu,Coimbatore,Convenience Store,summer,56.34,15,79.0,22,153,9,192.19
2024-05-31,IN-SKU-10006,Staples,Tamil Nadu,Chennai,Convenience Store,summer,129.58,32,54.0,287,104,4,133.16
2023-03-28,IN-SKU-10007,Staples,Tamil Nadu,Coimbatore,Hypermarket,summer,228.89,26,29.0,194,91,7,143.73
2025-12-23,IN-SKU-10008,FMCG,Delhi NCR,Delhi,Supermarket,winter,156.84,9,218.0,242,62,5,231.1
2024-03-24,IN-SKU-10009,FMCG,Kerala,Thiruvananthapuram,Supermarket,summer,72.37,33,236.0,204,139,8,244.9
2025-10-25,IN-SKU-10010,Staples,Maharashtra,Pune,Hypermarket,festival,227.41,28,209.0,164,126,8,266.57
2024-01-07,IN-SKU-10011,Personal Care,Delhi NCR,Gurugram,Supermarket,winter,874.11,37,253.0,306,80,4,223.88
2023-03-28,IN-SKU-10012,Staples,Maharashtra,Pune,Supermarket,summer,230.1,37,193.0,90,118,9,245.44
2024-06-24,IN-SKU-10013,Personal Care,Tamil Nadu,Coimbatore,Convenience Store,summer,605.87,17,45.0,186,147,7,119.97
2023-07-26,IN-SKU-10014,FMCG,Telangana,Warangal,Convenience Store,monsoon,105.8,5,297.0,252,178,4,245.29
2023-11-20,IN-SKU-10015,Staples,Maharashtra,Mumbai,Convenience Store,festival,95.05,39,165.0,216,135,4,265.6
2024-08-17,IN-SKU-10016,Perishables,Kerala,Kozhikode,Hypermarket,monsoon,134.12,10,26.0,350,94,4,125.29
2023-11-28,IN-SKU-10017,Personal Care,Karnataka,Bengaluru,Supermarket,festival,613.92,4,238.0,327,171,8,205.12
2025-12-04,IN-SKU-10018,Staples,Telangana,Hyderabad,Hypermarket,winter,547.02,1,262.0,146,175,6,231.35
2024-11-12,IN-SKU-10019,Electronics,Karnataka,Mysuru,Supermarket,festival,1878.31,10,150.0,416,175,4,223.12
2025-07-15,IN-SKU-10020,Staples,Delhi NCR,Delhi,Supermarket,monsoon,512.07,36,218.0,169,100,5,239.62
2024-02-21,IN-SKU-10021,Perishables,Telangana,Hyderabad,Supermarket,winter,236.09,38,65.0,91,145,10,180.57
2023-11-04,IN-SKU-10022,Electronics,Telangana,Warangal,Hypermarket,festival,4585.6,31,24.0,111,68,10,149.29
2025-11-28,IN-SKU-10023,Personal Care,Maharashtra,Mumbai,Convenience Store,festival,227.81,20,261.0,306,48,9,250.87
2024-04-20,IN-SKU-10024,Perishables,Maharashtra,Pune,Supermarket,summer,147.03,38,218.0,402,87,6,245.83
2024-07-01,IN-SKU-10025,Personal Care,Maharashtra,Pune,Supermarket,monsoon,177.89,22,145.0,406,45,8,170.64
2025-03-20,IN-SKU-10026,Home Care,Tamil Nadu,Chennai,Supermarket,summer,153.13,19,268.0,338,78,4,226.17
2025-04-18,IN-SKU-10027,Personal Care,Karnataka,Mysuru,Hypermarket,summer,374.31,35,147.0,280,60,10,186.38
2024-08-04,IN-SKU-10028,Home Care,Telangana,Hyderabad,Convenience Store,monsoon,150.54,9,39.0,257,109,9,122.45
2023-12-16,IN-SKU-10029,Electronics,Telangana,Warangal,Supermarket,winter,8437.09,5,66.0,66,106,7,73.98
2023-08-02,IN-SKU-10030,Personal Care,Telangana,Warangal,Convenience Store,monsoon,390.65,2,115.0,221,177,9,115.42
2024-08-11,IN-SKU-10031,Perishables,Maharashtra,Pune,Supermarket,monsoon,168.52,7,144.0,39,83,10,180.35
2025-09-06,IN-SKU-10032,FMCG,Maharashtra,Mumbai,Online,monsoon,76.13,34,273.0,381,153,9,276.34
2024-09-26,IN-SKU-10033,Home Care,Tamil Nadu,Coimbatore,Supermarket,monsoon,439.17,26,174.0,363,175,4,177.71
2025-01-22,IN-SKU-10034,FMCG,Karnataka,Bengaluru,Hypermarket,winter,208.01,10,89.0,167,90,7,165.72
2024-04-20,IN-SKU-10035,Perishables,Kerala,Kochi,Online,,258.25,28,164.0,151,148,9,236.37
2024-06-20,IN-SKU-10036,Staples,Karnataka,Bengaluru,Convenience Store,summer,219.33,32,240.0,100,49,3,240.56
2025-11-09,IN-SKU-10037,Personal Care,Karnataka,Mysuru,Supermarket,festival,846.19,3,61.0,403,174,8,141.84
2024-05-02,IN-SKU-10038,Electronics,Tamil Nadu,Coimbatore,Supermarket,summer,16788.58,32,48.0,266,115,2,50.31
2023-01-09,IN-SKU-10039,Staples,Karnataka,Bengaluru,Convenience Store,winter,528.54,19,167.0,259,76,6,197.0
2025-05-11,IN-SKU-10040,Personal Care,Maharashtra,Nagpur,Hypermarket,summer,710.43,3,221.0,153,143,3,191.74
2024-11-26,IN-SKU-10041,Perishables,Telangana,Warangal,Supermarket,festival,58.42,14,300.0,195,119,2,308.8
2023-07-12,IN-SKU-10042,Home Care,Karnataka,Mysuru,Hypermarket,monsoon,332.16,38,315.0,307,45,7,288.85
2023-10-24,IN-SKU-10043,FMCG,Delhi NCR,Noida,Convenience Store,festival,319.73,26,23.0,201,57,6,160.1
2025-11-27,IN-SKU-10044,Perishables,Kerala,Kochi,Online,festival,223.14,18,53.0,418,97,6,171.65
2025-05-02,IN-SKU-10045,Electronics,Delhi NCR,Delhi,Convenience Store,summer,18430.92,4,47.0,378,136,7,8.0
2024-05-11,IN-SKU-10046,FMCG,Maharashtra,Nagpur,Online,summer,307.35,31,30.0,22,45,10,125.96
2025-12-10,IN-SKU-10047,Home Care,Tamil Nadu,Coimbatore,Supermarket,winter,616.65,9,298.0,328,61,10,239.55
2024-05-04,IN-SKU-10048,FMCG,Maharashtra,Pune,Hypermarket,summer,344.25,8,209.0,360,56,6,196.27
2023-02-28,IN-SKU-10049,Personal Care,Telangana,Hyderabad,Online,winter,573.7,11,36.0,266,54,6,105.36
2024-05-17,IN-SKU-10050,FMCG,Tamil Nadu,Chennai,Supermarket,summer,441.71,7,157.0,333,118,7,181.21
2024-05-04,IN-SKU-10051,Perishables,Maharashtra,Mumbai,Convenience Store,summer,201.94,38,214.0,396,104,4,238.79
2025-01-27,IN-SKU-10052,FMCG,Kerala,Kozhikode,Supermarket,winter,150.4,19,111.0,191,127,2,179.41
2025-11-30,IN-SKU-10053,FMCG,Kerala,Kochi,Convenience Store,festival,166.57,16,30.0,187,85,10,181.15
2023-04-15,IN-SKU-10054,Personal Care,Karnataka,Bengaluru,Convenience Store,summer,608.04,23,114.0,334,78,7,132.18
2024-08-03,IN-SKU-10055,Staples,Karnataka,Mysuru,Convenience Store,monsoon,581.27,14,296.0,221,159,3,219.22
2023-09-27,IN-SKU-10056,Staples,Telangana,Warangal,Supermarket,monsoon,88.6,34,272.0,42,155,9,282.67
2024-06-18,IN-SKU-10057,Home Care,Telangana,Warangal,Supermarket,summer,634.21,12,276.0,168,101,8,197.53
2025-01-02,IN-SKU-10058,Electronics,Maharashtra,Pune,Online,winter,21767.07,14,113.0,295,149,5,28.35
2025-10-11,IN-SKU-10059,FMCG,Karnataka,Bengaluru,Hypermarket,festival,102.96,0,69.0,354,101,8,178.67
2023-08-08,IN-SKU-10060,FMCG,Delhi NCR,Noida,Hypermarket,monsoon,197.92,40,44.0,322,157,4,193.33
2025-10-04,IN-SKU-10061,Electronics,Maharashtra,Mumbai,Supermarket,festival,7018.51,7,107.0,216,71,3,105.26
2023-01-16,IN-SKU-10062,Home Care,Maharashtra,Mumbai,Convenience Store,winter,,9,221.0,325,152,5,170.44
2025-03-26,IN-SKU-10063,Home Care,Karnataka,Mysuru,Hypermarket,summer,594.98,13,275.0,221,94,8,214.84
2023-05-12,IN-SKU-10064,Staples,Delhi NCR,Gurugram,Hypermarket,summer,108.51,13,139.0,386,179,2,182.34
2023-01-10,IN-SKU-10065,FMCG,Kerala,Kochi,Online,winter,221.01,7,112.0,259,64,5,167.17
2023-07-06,IN-SKU-10066,Electronics,Tamil Nadu,Coimbatore,Convenience Store,monsoon,13709.79,25,248.0,381,132,10,119.05
2024-11-14,IN-SKU-10067,FMCG,Tamil Nadu,Chennai,Convenience Store,festival,217.64,35,185.0,281,174,7,262.43
2023-06-18,IN-SKU-10068,Home Care,Telangana,Warangal,Hypermarket,summer,162.99,30,32.0,330,113,4,151.42
2025-07-31,IN-SKU-10069,Staples,Kerala,Kochi,Convenience Store,monsoon,96.32,40,186.0,340,117,3,236.6
2023-09-19,IN-SKU-10070,FMCG,Maharashtra,Mumbai,Supermarket,monsoon,315.25,15,233.0,329,133,8,210.71
2024-03-07,IN-SKU-10071,Perishables,Tamil Nadu,Chennai,Convenience Store,summer,243.11,2,21.0,225,173,5,119.65
2025-04-12,IN-SKU-10072,Personal Care,Kerala,Kozhikode,Supermarket,summer,776.34,36,124.0,361,150,6,132.67
2024-05-07,IN-SKU-10073,Electronics,Kerala,Kochi,Supermarket,summer,2969.6,11,122.0,307,105,8,158.78
2024-11-30,IN-SKU-10074,FMCG,Telangana,Warangal,Convenience Store,festival,449.0,16,230.0,258,144,9,253.96
2023-08-29,IN-SKU-10075,Perishables,Kerala,Thiruvananthapuram,Supermarket,monsoon,72.51,5,25.0,201,85,6,129.32
2024-05-07,IN-SKU-10076,Home Care,Kerala,Kozhikode,Hypermarket,summer,270.64,39,289.0,114,97,5,265.23
2023-12-02,IN-SKU-10077,Personal Care,Karnataka,Mysuru,Convenience Store,winter,311.48,30,92.0,148,85,9,184.22
2023-03-08,IN-SKU-10078,Home Care,Karnataka,Bengaluru,Hypermarket,summer,399.09,32,318.0,289,124,10,268.04
2023-10-20,IN-SKU-10079,Staples,Tamil Nadu,Chennai,Supermarket,festival,440.02,7,306.0,225,150,4,308.23
2025-10-25,IN-SKU-10080,FMCG,Delhi NCR,Noida,Supermarket,festival,62.2,4,156.0,226,80,10,230.07
2025-07-22,IN-SKU-10081,FMCG,Maharashtra,Pune,Convenience Store,monsoon,120.91,15,110.0,177,111,10,166.07
2023-11-14,IN-SKU-10082,FMCG,Maharashtra,Pune,Hypermarket,festival,238.14,35,119.0,192,100,2,249.23
2024-08-03,IN-SKU-10083,Perishables,Telangana,Hyderabad,Hypermarket,monsoon,,13,88.0,152,145,5,144.29
2024-06-26,IN-SKU-10084,FMCG,Kerala,Kozhikode,Supermarket,summer,92.36,29,295.0,23,57,2,283.78
2023-06-18,IN-SKU-10085,Perishables,Maharashtra,Nagpur,Convenience Store,summer,173.45,25,274.0,21,111,8,303.66
2024-05-16,IN-SKU-10086,Home Care,Maharashtra,Nagpur,Supermarket,summer,695.59,31,156.0,261,175,7,199.8
2025-03-15,IN-SKU-10087,Home Care,Tamil Nadu,Chennai,Convenience Store,summer,224.96,13,144.0,147,130,6,158.35
2025-03-17,IN-SKU-10088,FMCG,Kerala,Thiruvananthapuram,Convenience Store,summer,328.86,0,241.0,146,156,4,218.51
2023-09-16,IN-SKU-10089,Personal Care,Maharashtra,Nagpur,Supermarket,monsoon,486.13,5,317.0,21,80,3,261.91
2024-09-25,IN-SKU-10090,Electronics,Karnataka,Bengaluru,Online,monsoon,15315.08,5,206.0,129,69,3,74.99
2023-05-25,IN-SKU-10091,Home Care,Telangana,Hyderabad,Supermarket,summer,479.13,27,89.0,369,159,3,130.56
2023-07-23,IN-SKU-10092,Personal Care,Karnataka,Mysuru,Convenience Store,monsoon,536.23,16,247.0,413,141,4,200.63
2025-10-30,IN-SKU-10093,Staples,Maharashtra,Mumbai,Hypermarket,festival,101.91,32,286.0,178,133,8,349.07
2024-01-30,IN-SKU-10094,FMCG,Delhi NCR,Delhi,Online,winter,413.72,7,83.0,207,91,4,151.6
2024-12-08,IN-SKU-10095,Home Care,Kerala,Thiruvananthapuram,Convenience Store,winter,604.58,21,190.0,61,104,10,174.67
2025-08-01,IN-SKU-10096,FMCG,Tamil Nadu,Coimbatore,Convenience Store,monsoon,44.6,4,313.0,170,178,3,247.32
2024-11-20,IN-SKU-10097,Personal Care,Kerala,Thiruvananthapuram,Convenience Store,festival,403.68,13,200.0,394,122,2,209.77
2024-01-06,IN-SKU-10098,FMCG,Kerala,Thiruvananthapuram,Supermarket,winter,319.09,16,121.0,401,48,2,153.29
2024-06-02,IN-SKU-10099,Perishables,Tamil Nadu,Coimbatore,Supermarket,summer,68.3,36,176.0,207,52,6,235.46
2023-01-10,IN-SKU-10100,Personal Care,Kerala,Kochi,Hypermarket,winter,152.98,39,95.0,137,63,4,190.05
2025-04-26,IN-SKU-10101,Electronics,Delhi NCR,Delhi,Online,summer,2614.34,40,61.0,141,172,5,116.87
2025-06-13,IN-SKU-10102,Staples,Delhi NCR,Noida,Supermarket,summer,198.22,25,68.0,360,59,6,150.69
2025-03-21,IN-SKU-10103,Perishables,Telangana,Warangal,Convenience Store,summer,220.81,15,82.0,396,126,2,149.72
2025-03-07,IN-SKU-10104,Home Care,Maharashtra,Pune,Supermarket,summer,357.09,10,154.0,118,70,2,181.44
2024-09-21,IN-SKU-10105,Staples,Delhi NCR,Noida,Supermarket,monsoon,193.1,13,68.0,396,49,4,138.91
2023-12-26,IN-SKU-10106,Staples,Karnataka,Bengaluru,Hypermarket,winter,307.91,20,59.0,70,93,5,183.71
2025-07-03,IN-SKU-10107,Staples,Delhi NCR,Delhi,Supermarket,monsoon,198.18,6,29.0,67,96,9,135.42
2025-09-30,IN-SKU-10108,Perishables,Karnataka,Bengaluru,Hypermarket,monsoon,68.68,19,316.0,347,64,9,246.33
2025-07-08,IN-SKU-10109,Perishables,Maharashtra,Nagpur,Supermarket,monsoon,,37,258.0,269,133,2,260.83
2025-06-25,IN-SKU-10110,Staples,Telangana,Hyderabad,Convenience Store,summer,46.4,37,318.0,132,82,6,288.27
2025-05-24,IN-SKU-10111,Personal Care,Maharashtra,Pune,Hypermarket,summer,834.36,6,115.0,310,100,7,132.82
2024-12-22,IN-SKU-10112,Electronics,Karnataka,Bengaluru,Hypermarket,winter,5497.39,19,223.0,358,178,2,165.87
2023-11-14,IN-SKU-10113,Electronics,Delhi NCR,Noida,Hypermarket,festival,18700.88,30,110.0,399,93,3,113.66
2024-03-08,IN-SKU-10114,Personal Care,Kerala,Kozhikode,Hypermarket,summer,821.95,23,145.0,278,70,4,156.03
2024-05-23,IN-SKU-10115,FMCG,Kerala,Kochi,Convenience Store,summer,307.04,5,218.0,27,86,8,222.79
2023-06-28,IN-SKU-10116,Perishables,Tamil Nadu,Coimbatore,Convenience Store,summer,53.63,35,102.0,75,148,9,205.85
2025-09-29,IN-SKU-10117,Staples,Delhi NCR,Noida,Convenience Store,monsoon,621.52,8,203.0,122,145,7,195.2
2025-02-25,IN-SKU-10118,Personal Care,Delhi NCR,Gurugram,Supermarket,winter,396.05,16,282.0,264,174,8,244.48
2025-07-17,IN-SKU-10119,Staples,Delhi NCR,Delhi,Hypermarket,monsoon,427.48,13,120.0,117,154,9,183.19
2023-12-13,IN-SKU-10120,Home Care,Delhi NCR,Noida,Convenience Store,winter,590.94,40,164.0,202,129,2,184.51
2024-11-25,IN-SKU-10121,Staples,Telangana,Hyderabad,Hypermarket,festival,177.41,10,264.0,364,84,7,292.08
2023-02-12,IN-SKU-10122,Home Care,Kerala,Thiruvananthapuram,Supermarket,winter,598.81,32,54.0,176,60,7,127.19
2025-11-02,IN-SKU-10123,Personal Care,Maharashtra,Mumbai,Online,festival,883.89,17,40.0,75,171,7,148.8
2024-06-05,IN-SKU-10124,FMCG,Delhi NCR,Delhi,Online,summer,108.19,27,147.0,240,113,3,218.88
2025-05-22,IN-SKU-10125,Electronics,Karnataka,Bengaluru,Hypermarket,summer,3253.7,40,238.0,410,60,8,239.02
2023-07-14,IN-SKU-10126,Personal Care,Kerala,Kochi,Hypermarket,monsoon,721.47,2,269.0,348,167,8,207.53
2023-09-15,IN-SKU-10127,Staples,Tamil Nadu,Coimbatore,Online,monsoon,132.06,32,283.0,58,168,7,283.39
2023-11-04,IN-SKU-10128,FMCG,Maharashtra,Pune,Hypermarket,festival,356.47,2,30.0,280,90,2,166.39
2023-01-29,IN-SKU-10129,Home Care,Maharashtra,Mumbai,Hypermarket,winter,628.86,35,47.0,177,102,2,151.07
2023-12-25,IN-SKU-10130,Home Care,Tamil Nadu,Chennai,Hypermarket,winter,326.5,20,85.0,103,129,5,169.32
2025-04-12,IN-SKU-10131,FMCG,Maharashtra,Pune,Online,summer,200.38,7,317.0,74,160,8,287.88
2025-10-02,IN-SKU-10132,Electronics,Kerala,Kochi,Online,festival,5909.42,35,86.0,282,108,7,138.12
2023-01-08,IN-SKU-10133,Home Care,Karnataka,Mysuru,Convenience Store,winter,97.81,22,34.0,260,170,6,124.75
2023-11-13,IN-SKU-10134,Home Care,Kerala,Kochi,Convenience Store,festival,338.2,31,101.0,228,62,8,178.96
2024-12-01,IN-SKU-10135,FMCG,Tamil Nadu,Coimbatore,Supermarket,winter,406.22,2,213.0,88,150,8,232.19
2025-06-28,IN-SKU-10136,FMCG,Kerala,Kozhikode,Supermarket,summer,278.1,38,78.0,291,85,6,156.76
2024-03-30,IN-SKU-10137,FMCG,Telangana,Hyderabad,Supermarket,summer,392.02,17,116.0,164,91,3,195.22
2024-01-11,IN-SKU-10138,FMCG,Telangana,Warangal,Online,winter,420.81,25,49.0,62,146,8,131.7
2024-03-22,IN-SKU-10139,Home Care,Maharashtra,Mumbai,Convenience Store,summer,432.46,34,319.0,37,104,3,275.52
2024-05-28,IN-SKU-10140,Home Care,Delhi NCR,Delhi,Supermarket,summer,735.68,23,169.0,217,116,4,176.83
2025-06-01,IN-SKU-10141,FMCG,Kerala,Kozhikode,Supermarket,summer,115.18,23,50.0,366,152,10,175.18
2024-12-31,IN-SKU-10142,Personal Care,Kerala,Thiruvananthapuram,Online,winter,843.53,17,137.0,151,149,8,169.5
2024-02-25,IN-SKU-10143,Staples,Kerala,Kochi,Supermarket,winter,254.17,27,133.0,57,116,2,207.91
2025-11-27,IN-SKU-10144,Staples,Kerala,Kozhikode,Convenience Store,festival,200.74,8,268.0,391,176,6,281.3
2025-12-23,IN-SKU-10145,Perishables,Maharashtra,Pune,Online,winter,170.53,38,21.0,35,128,10,196.53
2023-04-02,IN-SKU-10146,Home Care,Maharashtra,Pune,Hypermarket,summer,392.06,30,21.0,334,121,6,130.1
2025-12-19,IN-SKU-10147,Perishables,Kerala,Kozhikode,Supermarket,winter,221.48,23,168.0,234,74,3,197.7
2025-05-17,IN-SKU-10148,Personal Care,Delhi NCR,Noida,Online,summer,374.55,7,50.0,344,97,3,113.26
2024-11-30,IN-SKU-10149,Staples,Delhi NCR,Noida,Hypermarket,festival,297.66,24,55.0,337,163,3,212.34
2025-02-12,IN-SKU-10150,FMCG,Telangana,Warangal,Hypermarket,winter,227.43,35,227.0,85,123,5,266.7
2025-05-16,IN-SKU-10151,Staples,Karnataka,Bengaluru,Hypermarket,summer,174.67,1,61.0,95,122,6,131.32
2024-07-15,IN-SKU-10152,Home Care,Delhi NCR,Delhi,Online,monsoon,134.09,16,,368,178,7,193.51
2023-05-27,IN-SKU-10153,Staples,Kerala,Thiruvananthapuram,Online,summer,625.02,1,32.0,302,72,7,98.43
2024-03-02,IN-SKU-10154,Home Care,Maharashtra,Mumbai,Supermarket,summer,120.08,38,270.0,82,171,2,266.11
2025-08-12,IN-SKU-10155,Staples,Karnataka,Mysuru,Supermarket,monsoon,631.1,16,113.0,95,151,4,146.09
2023-08-08,IN-SKU-10156,Personal Care,Maharashtra,Nagpur,Online,monsoon,879.75,35,272.0,397,93,7,229.04
2023-11-26,IN-SKU-10157,Electronics,Karnataka,Bengaluru,Online,festival,19927.33,22,,202,106,8,73.97
2023-08-02,IN-SKU-10158,FMCG,Kerala,Kochi,Convenience Store,monsoon,220.12,3,299.0,264,157,3,234.45
2025-07-31,IN-SKU-10159,FMCG,Telangana,Hyderabad,Hypermarket,monsoon,423.51,40,313.0,114,50,9,276.49
2025-10-19,IN-SKU-10160,Staples,Maharashtra,Mumbai,Online,festival,370.02,8,207.0,100,152,7,297.45
2024-12-15,IN-SKU-10161,Perishables,Delhi NCR,Gurugram,Supermarket,winter,78.74,38,151.0,398,128,5,226.37
2023-05-16,IN-SKU-10162,Perishables,Karnataka,Bengaluru,Convenience Store,summer,194.94,7,150.0,111,154,3,199.23
2025-02-22,IN-SKU-10163,FMCG,Delhi NCR,Noida,Hypermarket,winter,250.61,7,172.0,194,171,2,188.57
2024-07-15,IN-SKU-10164,FMCG,Kerala,Kozhikode,Convenience Store,monsoon,129.61,17,211.0,40,127,8,244.95
2024-06-25,IN-SKU-10165,FMCG,Delhi NCR,Delhi,Online,summer,304.0,19,254.0,191,166,8,273.31
2025-04-24,IN-SKU-10166,Personal Care,Karnataka,Bengaluru,Convenience Store,summer,866.89,14,131.0,190,125,8,138.03
2023-02-20,IN-SKU-10167,FMCG,Tamil Nadu,Chennai,Convenience Store,winter,89.43,18,79.0,270,95,5,160.76
2025-03-13,IN-SKU-10168,Electronics,Telangana,Warangal,Supermarket,summer,6056.19,4,107.0,231,89,5,105.34
2023-07-05,IN-SKU-10169,Perishables,Tamil Nadu,Coimbatore,Hypermarket,monsoon,58.33,7,102.0,143,78,5,151.97
2025-06-27,IN-SKU-10170,Staples,Tamil Nadu,Chennai,Convenience Store,summer,497.53,2,264.0,199,72,2,198.43
2024-01-08,IN-SKU-10171,Staples,Kerala,Kochi,Hypermarket,winter,190.76,7,245.0,145,68,10,229.81
2023-01-16,IN-SKU-10172,Perishables,Kerala,Kozhikode,Supermarket,winter,218.42,12,299.0,219,94,2,236.8
2024-11-14,IN-SKU-10173,Electronics,Delhi NCR,Gurugram,Online,festival,22296.2,25,158.0,52,147,5,63.62
2024-05-28,IN-SKU-10174,Staples,Kerala,Thiruvananthapuram,Hypermarket,summer,551.15,16,,110,141,10,119.6
2025-04-24,IN-SKU-10175,Electronics,Delhi NCR,Noida,Supermarket,summer,11635.45,35,100.0,262,155,8,84.22
2025-12-26,IN-SKU-10176,FMCG,Karnataka,Mysuru,Supermarket,winter,59.05,12,304.0,181,148,7,262.81
2025-01-05,IN-SKU-10177,Home Care,Telangana,Warangal,Supermarket,winter,691.9,7,62.0,291,85,8,95.88
2025-11-18,IN-SKU-10178,Perishables,Telangana,Hyderabad,Hypermarket,festival,132.45,39,95.0,330,149,8,234.1
2025-03-19,IN-SKU-10179,FMCG,Delhi NCR,Noida,Convenience Store,summer,447.54,8,31.0,103,73,9,119.62
2025-04-21,IN-SKU-10180,Home Care,Maharashtra,Mumbai,Hypermarket,summer,206.52,16,78.0,184,121,3,131.76
2024-07-30,IN-SKU-10181,Electronics,Karnataka,Mysuru,Hypermarket,monsoon,11681.74,28,297.0,118,54,4,189.83
2025-11-28,IN-SKU-10182,FMCG,Maharashtra,Pune,Supermarket,festival,227.49,19,106.0,338,70,4,222.41
2024-11-28,IN-SKU-10183,Perishables,Telangana,Warangal,Supermarket,festival,265.39,11,140.0,109,170,6,222.09
2023-10-08,IN-SKU-10184,Personal Care,Maharashtra,Mumbai,Convenience Store,festival,237.18,6,295.0,360,127,5,269.72
2024-07-27,IN-SKU-10185,Perishables,Maharashtra,Nagpur,Convenience Store,monsoon,217.59,35,58.0,332,61,7,140.11
2025-12-04,IN-SKU-10186,Staples,Kerala,Kochi,Convenience Store,winter,541.41,35,244.0,135,128,3,205.71
2023-12-05,IN-SKU-10187,Staples,Karnataka,Mysuru,Hypermarket,winter,521.07,20,293.0,118,152,10,263.33
2023-10-05,IN-SKU-10188,Home Care,Karnataka,Mysuru,Online,festival,563.63,7,295.0,413,66,9,239.82
2024-12-23,IN-SKU-10189,FMCG,Kerala,Kochi,Hypermarket,winter,398.35,40,105.0,335,114,2,175.24
2024-06-10,IN-SKU-10190,Home Care,Delhi NCR,Noida,Supermarket,summer,486.26,12,217.0,351,171,4,166.64
2025-10-02,IN-SKU-10191,Staples,Tamil Nadu,Chennai,Supermarket,festival,255.71,23,279.0,32,146,9,339.46
2025-08-08,IN-SKU-10192,Perishables,Maharashtra,Pune,Online,monsoon,213.98,30,285.0,106,85,8,249.34
2025-05-25,IN-SKU-10193,FMCG,Telangana,Warangal,Online,summer,329.66,9,210.0,317,95,2,232.84
2023-05-15,IN-SKU-10194,FMCG,Kerala,Kochi,Online,summer,371.88,26,124.0,251,176,2,164.79
2023-07-05,IN-SKU-10195,Perishables,Delhi NCR,Noida,Supermarket,monsoon,75.06,37,47.0,68,70,3,176.71
2023-04-07,IN-SKU-10196,Home Care,Maharashtra,Mumbai,Convenience Store,summer,598.86,5,209.0,372,100,2,166.24
2025-10-25,IN-SKU-10197,Perishables,Tamil Nadu,Chennai,Hypermarket,festival,64.13,18,258.0,124,150,5,304.48
2025-05-26,IN-SKU-10198,Personal Care,Delhi NCR,Noida,Online,summer,125.31,13,249.0,143,72,9,211.54
2024-12-13,IN-SKU-10199,Staples,Delhi NCR,Delhi,Supermarket,winter,380.34,12,206.0,264,105,4,209.3
2023-12-25,IN-SKU-10200,Personal Care,Tamil Nadu,Coimbatore,Supermarket,winter,435.34,27,142.0,54,103,2,171.94
2025-07-01,IN-SKU-10201,Home Care,Tamil Nadu,Coimbatore,Hypermarket,monsoon,589.48,9,161.0,219,117,10,163.73
2025-10-16,IN-SKU-10202,Personal Care,Kerala,Kozhikode,Convenience Store,festival,120.35,21,174.0,212,135,5,218.3
2024-09-02,IN-SKU-10203,Staples,Kerala,Kozhikode,Supermarket,monsoon,176.23,39,48.0,20,124,3,170.21
2024-08-13,IN-SKU-10204,Staples,Tamil Nadu,Coimbatore,Supermarket,monsoon,614.35,1,70.0,270,99,10,111.75
2023-12-04,IN-SKU-10205,Perishables,Kerala,Kochi,Online,winter,150.05,31,246.0,359,111,3,244.08
2025-03-06,IN-SKU-10206,Perishables,Telangana,Hyderabad,Convenience Store,summer,278.32,10,317.0,230,59,2,229.37
2024-03-16,IN-SKU-10207,Staples,Delhi NCR,Delhi,Online,summer,228.44,8,151.0,414,77,10,180.26
2024-09-29,IN-SKU-10208,Perishables,Tamil Nadu,Coimbatore,Hypermarket,monsoon,165.8,11,171.0,274,122,3,207.62
2025-06-04,IN-SKU-10209,FMCG,Kerala,Thiruvananthapuram,Supermarket,summer,387.97,13,153.0,111,52,10,166.25
2023-07-13,IN-SKU-10210,FMCG,Maharashtra,Nagpur,Convenience Store,monsoon,149.14,12,39.0,41,46,8,129.02
2023-01-25,IN-SKU-10211,Personal Care,Delhi NCR,Delhi,Hypermarket,winter,432.0,6,41.0,341,106,5,122.56
2024-08-23,IN-SKU-10212,Staples,Telangana,Warangal,Supermarket,monsoon,167.69,37,217.0,309,64,9,225.65
2025-08-12,IN-SKU-10213,Staples,Kerala,Thiruvananthapuram,Hypermarket,monsoon,180.77,12,33.0,160,59,8,132.64
2023-12-23,IN-SKU-10214,Personal Care,Kerala,Thiruvananthapuram,Convenience Store,winter,740.84,26,233.0,61,51,3,182.75
2025-01-31,IN-SKU-10215,FMCG,Telangana,Hyderabad,Hypermarket,winter,206.78,1,73.0,349,63,2,164.58
2024-10-29,IN-SKU-10216,Electronics,Delhi NCR,Gurugram,Online,festival,979.62,0,248.0,408,141,9,231.9
2023-07-29,IN-SKU-10217,Home Care,Karnataka,Mysuru,Convenience Store,monsoon,491.87,3,,248,131,6,115.2
2025-02-15,IN-SKU-10218,Home Care,Maharashtra,Nagpur,Hypermarket,winter,421.59,29,113.0,407,170,6,191.77
2025-11-29,IN-SKU-10219,Staples,Telangana,Hyderabad,Online,festival,489.16,9,84.0,363,172,2,164.38
2025-05-10,IN-SKU-10220,Electronics,Telangana,Warangal,Supermarket,summer,19601.54,25,316.0,80,118,7,129.41
2025-07-28,IN-SKU-10221,Staples,Kerala,Kochi,Convenience Store,monsoon,,2,120.0,358,48,6,128.49
2023-02-08,IN-SKU-10222,Personal Care,Kerala,Kozhikode,Supermarket,winter,,39,166.0,76,83,8,171.94
2023-05-26,IN-SKU-10223,FMCG,Maharashtra,Pune,Hypermarket,summer,206.96,11,,131,81,6,229.3
2023-12-02,IN-SKU-10224,FMCG,Kerala,Kochi,Supermarket,winter,138.04,26,156.0,177,88,5,211.97
2025-07-17,IN-SKU-10225,FMCG,Karnataka,Bengaluru,Hypermarket,monsoon,178.1,24,146.0,60,144,9,229.25
2023-12-22,IN-SKU-10226,Home Care,Maharashtra,Nagpur,Supermarket,winter,607.66,24,209.0,391,81,6,201.17
2024-02-06,IN-SKU-10227,FMCG,Kerala,Kozhikode,Supermarket,winter,444.87,22,24.0,201,55,3,143.57
2023-01-04,IN-SKU-10228,Staples,Kerala,Kochi,Supermarket,winter,76.29,40,303.0,126,178,8,288.53
2024-08-23,IN-SKU-10229,Staples,Kerala,Kochi,Online,monsoon,201.6,38,171.0,363,143,9,221.77
2024-03-29,IN-SKU-10230,Staples,Delhi NCR,Noida,Online,summer,157.82,15,110.0,32,71,8,187.58
2025-02-21,IN-SKU-10231,Personal Care,Tamil Nadu,Chennai,Supermarket,winter,358.38,7,124.0,306,85,5,134.15
2023-04-21,IN-SKU-10232,FMCG,Delhi NCR,Delhi,Online,summer,177.2,23,31.0,217,121,8,181.18
2025-01-13,IN-SKU-10233,Home Care,Tamil Nadu,Chennai,Online,winter,,5,233.0,305,101,3,217.28
2024-07-31,IN-SKU-10234,Staples,Maharashtra,Mumbai,Supermarket,monsoon,415.93,21,24.0,391,54,5,120.66
2025-11-01,IN-SKU-10235,Perishables,Maharashtra,Nagpur,Supermarket,festival,92.63,9,77.0,171,168,4,157.53
2024-01-10,IN-SKU-10236,FMCG,Telangana,Hyderabad,Supermarket,winter,349.01,3,317.0,391,92,7,245.83
2025-10-19,IN-SKU-10237,Home Care,Telangana,Hyderabad,Online,festival,679.99,31,150.0,326,61,3,210.37
2023-03-16,IN-SKU-10238,Electronics,Delhi NCR,Gurugram,Convenience Store,summer,3200.96,3,216.0,33,63,4,159.0
2025-05-29,IN-SKU-10239,FMCG,Karnataka,Mysuru,Supermarket,summer,206.88,35,32.0,199,133,9,162.23
2025-07-21,IN-SKU-10240,Perishables,Kerala,Kochi,Online,monsoon,130.75,36,118.0,221,144,8,184.65
2024-02-15,IN-SKU-10241,Perishables,Karnataka,Bengaluru,Convenience Store,winter,127.49,6,267.0,122,175,6,245.93
2024-06-28,IN-SKU-10242,FMCG,Delhi NCR,Gurugram,Hypermarket,summer,105.54,34,265.0,253,85,4,268.27
2025-10-27,IN-SKU-10243,Personal Care,Maharashtra,Pune,Supermarket,festival,562.2,23,264.0,47,46,3,248.38
2023-03-18,IN-SKU-10244,Electronics,Karnataka,Bengaluru,Online,summer,5736.4,4,116.0,255,61,4,102.11
2024-05-31,IN-SKU-10245,Electronics,Maharashtra,Nagpur,Hypermarket,summer,24513.74,4,164.0,388,149,4,64.5
2024-10-02,IN-SKU-10246,Perishables,Delhi NCR,Gurugram,Hypermarket,festival,137.64,38,144.0,96,86,8,260.46
2024-06-07,IN-SKU-10247,FMCG,Tamil Nadu,Coimbatore,Convenience Store,summer,175.69,2,216.0,57,105,7,184.91
2024-03-16,IN-SKU-10248,Perishables,Delhi NCR,Gurugram,Hypermarket,summer,159.66,5,109.0,44,157,6,195.28
2024-12-29,IN-SKU-10249,Perishables,Kerala,Kochi,Convenience Store,winter,120.92,8,123.0,233,138,4,173.42
2023-11-14,IN-SKU-10250,Staples,Karnataka,Bengaluru,Online,festival,525.17,39,37.0,191,140,5,215.2
2025-05-27,IN-SKU-10251,Staples,Kerala,Kochi,Supermarket,summer,499.67,3,172.0,309,55,2,170.69
2025-10-12,IN-SKU-10252,Home Care,Karnataka,Bengaluru,Online,festival,104.41,30,186.0,106,140,2,247.36
2024-06-19,IN-SKU-10253,Perishables,Kerala,Kochi,Convenience Store,summer,73.13,7,48.0,375,111,8,122.41
2023-10-29,IN-SKU-10254,Personal Care,Telangana,Hyderabad,Convenience Store,festival,318.41,39,109.0,35,138,7,202.15
2025-09-12,IN-SKU-10255,Electronics,Maharashtra,Nagpur,Convenience Store,monsoon,13549.36,29,165.0,194,162,4,104.28
2024-09-05,IN-SKU-10256,Electronics,Kerala,Kochi,Online,monsoon,2803.63,24,135.0,92,45,5,158.17
2023-10-29,IN-SKU-10257,Staples,Telangana,Hyderabad,Online,festival,64.72,31,40.0,181,48,10,197.54
2024-03-11,IN-SKU-10258,FMCG,Delhi NCR,Delhi,Convenience Store,summer,241.67,8,194.0,170,65,9,199.49
2025-03-17,IN-SKU-10259,Home Care,Kerala,Kochi,Hypermarket,summer,460.39,28,40.0,88,88,7,138.69
2025-11-05,IN-SKU-10260,FMCG,Telangana,Hyderabad,Online,festival,381.75,29,46.0,29,85,2,185.53
2025-03-16,IN-SKU-10261,Staples,Telangana,Hyderabad,Convenience Store,summer,340.78,22,170.0,415,165,2,196.37
2025-11-01,IN-SKU-10262,Electronics,Maharashtra,Mumbai,Convenience Store,festival,19390.62,19,98.0,187,156,8,52.48
2023-10-18,IN-SKU-10263,Perishables,Kerala,Thiruvananthapuram,Supermarket,festival,114.91,13,64.0,368,153,2,178.59
2024-05-10,IN-SKU-10264,Perishables,Tamil Nadu,Coimbatore,Supermarket,summer,,34,34.0,324,84,3,189.39
2024-01-03,IN-SKU-10265,Personal Care,Tamil Nadu,Chennai,Convenience Store,winter,361.73,2,23.0,258,86,7,90.32
2024-03-10,IN-SKU-10266,Staples,Telangana,Warangal,Convenience Store,summer,524.32,5,245.0,377,108,8,171.19
2024-07-31,IN-SKU-10267,Perishables,Karnataka,Mysuru,Online,monsoon,197.29,12,312.0,186,112,10,276.88
2024-01-17,IN-SKU-10268,Staples,Maharashtra,Pune,Supermarket,winter,608.53,9,57.0,99,58,8,152.72
2023-06-17,IN-SKU-10269,FMCG,Delhi NCR,Noida,Convenience Store,summer,297.13,29,247.0,351,52,4,223.36
2024-05-28,IN-SKU-10270,Electronics,Telangana,Warangal,Convenience Store,summer,18819.83,28,151.0,322,135,5,78.49
2023-01-08,IN-SKU-10271,Staples,Telangana,Warangal,Convenience Store,winter,74.69,22,141.0,253,159,6,184.58
2024-11-12,IN-SKU-10272,Home Care,Tamil Nadu,Chennai,Convenience Store,festival,440.13,26,201.0,60,149,2,218.34
2025-12-06,IN-SKU-10273,FMCG,Delhi NCR,Gurugram,Convenience Store,winter,127.02,27,240.0,350,166,2,236.23
2023-11-21,IN-SKU-10274,Home Care,Kerala,Kozhikode,Convenience Store,festival,428.23,18,130.0,40,89,4,185.98
2023-06-26,IN-SKU-10275,Staples,Kerala,Kozhikode,Supermarket,summer,108.98,38,121.0,346,50,4,192.28
2025-05-28,IN-SKU-10276,Personal Care,Tamil Nadu,Coimbatore,Online,summer,397.8,4,35.0,389,175,3,112.77
2025-12-22,IN-SKU-10277,Home Care,Karnataka,Mysuru,Hypermarket,winter,102.7,8,224.0,400,149,7,208.61
2025-07-15,IN-SKU-10278,Electronics,Maharashtra,Pune,Hypermarket,monsoon,18217.38,38,158.0,187,137,9,65.03
2025-02-08,IN-SKU-10279,FMCG,Telangana,Hyderabad,Supermarket,winter,262.67,34,84.0,85,92,10,192.65
2025-04-25,IN-SKU-10280,FMCG,Karnataka,Bengaluru,Online,summer,409.53,37,268.0,272,79,10,270.62
2024-07-17,IN-SKU-10281,Electronics,Tamil Nadu,Coimbatore,Convenience Store,monsoon,22023.09,0,133.0,24,89,3,12.83
2023-01-01,IN-SKU-10282,Perishables,Kerala,Thiruvananthapuram,Hypermarket,winter,117.57,13,310.0,89,104,2,270.11
2024-08-25,IN-SKU-10283,Personal Care,Karnataka,Bengaluru,Online,monsoon,299.59,20,227.0,30,178,6,246.35
2025-08-14,IN-SKU-10284,Personal Care,Maharashtra,Nagpur,Convenience Store,monsoon,493.92,25,201.0,178,88,8,207.13
2024-05-17,IN-SKU-10285,FMCG,Karnataka,Bengaluru,Hypermarket,summer,346.67,40,268.0,238,94,6,276.75
2025-05-27,IN-SKU-10286,Electronics,Delhi NCR,Noida,Supermarket,summer,23520.06,5,43.0,97,142,5,8.0
2025-08-08,IN-SKU-10287,Staples,Kerala,Kochi,Hypermarket,monsoon,509.43,6,287.0,281,150,7,216.35
2025-03-14,IN-SKU-10288,Perishables,Delhi NCR,Gurugram,Online,summer,267.17,3,143.0,286,157,5,180.07
2024-06-21,IN-SKU-10289,Personal Care,Maharashtra,Mumbai,Supermarket,summer,619.48,5,125.0,374,85,2,115.01
2023-12-08,IN-SKU-10290,Staples,Tamil Nadu,Chennai,Supermarket,winter,565.84,11,266.0,380,168,7,246.0
2024-01-20,IN-SKU-10291,Staples,Telangana,Warangal,Hypermarket,winter,384.03,38,122.0,135,53,5,206.88
2024-10-07,IN-SKU-10292,Personal Care,Kerala,Kozhikode,Hypermarket,festival,420.02,36,159.0,103,128,4,216.97
2025-02-20,IN-SKU-10293,Staples,Tamil Nadu,Coimbatore,Online,winter,221.09,31,284.0,311,90,9,283.75
2023-07-06,IN-SKU-10294,Staples,Delhi NCR,Delhi,Convenience Store,monsoon,495.47,40,155.0,390,167,2,167.97
2024-08-11,IN-SKU-10295,Home Care,Maharashtra,Nagpur,Hypermarket,monsoon,344.04,9,93.0,216,69,7,139.46
2024-10-27,IN-SKU-10296,Staples,Maharashtra,Nagpur,Convenience Store,festival,315.6,23,139.0,208,112,4,229.64
2023-05-14,IN-SKU-10297,Home Care,Kerala,Kozhikode,Hypermarket,summer,616.39,33,276.0,81,81,7,237.03
2025-05-08,IN-SKU-10298,Personal Care,Tamil Nadu,Chennai,Supermarket,summer,489.36,9,304.0,172,97,3,245.13
2024-06-27,IN-SKU-10299,Home Care,Delhi NCR,Delhi,Supermarket,summer,343.51,6,281.0,295,159,10,215.79
2025-03-11,IN-SKU-10300,Staples,Tamil Nadu,Coimbatore,Online,summer,184.12,29,71.0,277,120,5,161.21
2023-11-26,IN-SKU-10301,Home Care,Telangana,Warangal,Supermarket,festival,417.13,5,317.0,24,99,6,259.52
2025-10-08,IN-SKU-10302,Staples,Tamil Nadu,Chennai,Supermarket,festival,493.19,14,,74,86,9,272.25
2025-09-12,IN-SKU-10303,Staples,Maharashtra,Nagpur,Supermarket,monsoon,209.59,12,158.0,92,152,7,216.68
2023-04-13,IN-SKU-10304,Home Care,Karnataka,Mysuru,Supermarket,summer,592.42,3,128.0,333,108,9,136.84
2025-04-24,IN-SKU-10305,FMCG,Kerala,Kozhikode,Convenience Store,summer,382.51,1,44.0,372,121,2,126.29
2024-07-11,IN-SKU-10306,Staples,Tamil Nadu,Coimbatore,Convenience Store,monsoon,601.06,27,50.0,146,124,7,137.31
2024-07-08,IN-SKU-10307,Home Care,Kerala,Kochi,Online,monsoon,188.39,27,259.0,374,74,4,221.18
2024-10-22,IN-SKU-10308,Staples,Kerala,Thiruvananthapuram,Supermarket,festival,126.81,26,55.0,61,151,6,233.43
2023-12-11,IN-SKU-10309,Personal Care,Telangana,Warangal,Hypermarket,winter,845.36,28,135.0,354,117,6,149.16
2023-09-03,IN-SKU-10310,Staples,Delhi NCR,Noida,Convenience Store,monsoon,258.74,34,223.0,328,146,6,254.49
2024-10-29,IN-SKU-10311,FMCG,Maharashtra,Pune,Supermarket,,171.44,24,239.0,93,152,7,304.19
2023-08-09,IN-SKU-10312,FMCG,Delhi NCR,Delhi,Supermarket,monsoon,266.85,28,104.0,258,148,6,185.69
2025-04-05,IN-SKU-10313,FMCG,Telangana,Warangal,Online,summer,442.01,27,241.0,206,52,10,225.29
2024-07-26,IN-SKU-10314,Staples,Tamil Nadu,Chennai,Hypermarket,monsoon,544.98,9,,277,92,8,201.44
2024-07-26,IN-SKU-10315,Home Care,Kerala,Thiruvananthapuram,Hypermarket,monsoon,373.62,1,,103,147,8,143.74
2024-10-05,IN-SKU-10316,Perishables,Maharashtra,Mumbai,Hypermarket,festival,132.14,31,264.0,148,100,4,296.7
2024-05-23,IN-SKU-10317,Home Care,Karnataka,Mysuru,Hypermarket,summer,357.67,17,177.0,147,73,8,182.86
2025-07-04,IN-SKU-10318,Staples,Maharashtra,Nagpur,Online,monsoon,66.91,16,,203,165,8,198.29
2025-08-23,IN-SKU-10319,Perishables,Telangana,Hyderabad,Hypermarket,monsoon,20.26,11,68.0,57,71,3,161.89
2024-05-29,IN-SKU-10320,FMCG,Karnataka,Bengaluru,Online,summer,79.95,9,58.0,78,71,8,176.97
2024-12-08,IN-SKU-10321,FMCG,Karnataka,Mysuru,Online,winter,119.67,40,206.0,188,120,9,259.46
2023-12-03,IN-SKU-10322,Perishables,Maharashtra,Pune,Convenience Store,winter,271.66,40,37.0,389,100,7,157.28
2025-08-14,IN-SKU-10323,Personal Care,Maharashtra,Pune,Hypermarket,monsoon,190.19,21,93.0,361,79,9,147.65
2025-05-02,IN-SKU-10324,FMCG,Delhi NCR,Gurugram,Convenience Store,summer,59.9,0,196.0,293,79,3,232.84
2024-01-11,IN-SKU-10325,FMCG,Tamil Nadu,Coimbatore,Convenience Store,winter,400.99,24,220.0,208,151,10,205.47
2025-09-29,IN-SKU-10326,Electronics,Telangana,Warangal,Supermarket,monsoon,22936.86,0,70.0,133,134,10,8.0
2024-08-13,IN-SKU-10327,Home Care,Tamil Nadu,Chennai,Supermarket,monsoon,600.38,39,64.0,385,108,3,129.05
2025-01-24,IN-SKU-10328,Perishables,Maharashtra,Pune,Online,winter,227.29,0,310.0,60,168,7,280.95
2025-10-12,IN-SKU-10329,Perishables,Karnataka,Bengaluru,Convenience Store,festival,67.66,13,160.0,280,71,4,231.97
2025-10-21,IN-SKU-10330,Personal Care,Karnataka,Bengaluru,Convenience Store,festival,661.55,33,282.0,265,68,7,276.49
2025-02-26,IN-SKU-10331,Perishables,Karnataka,Bengaluru,Supermarket,winter,162.71,2,68.0,264,72,10,143.28
2023-06-03,IN-SKU-10332,Staples,Telangana,Warangal,Hypermarket,summer,441.34,22,83.0,411,160,3,171.24
2024-12-02,IN-SKU-10333,Home Care,Karnataka,Bengaluru,Supermarket,winter,598.86,10,196.0,64,117,7,184.9
2023-10-10,IN-SKU-10334,Home Care,Telangana,Hyderabad,Convenience Store,,266.67,36,232.0,399,148,9,244.45
2024-04-22,IN-SKU-10335,Home Care,Telangana,Hyderabad,Hypermarket,summer,462.39,16,114.0,76,101,3,180.35
2023-01-06,IN-SKU-10336,Home Care,Karnataka,Mysuru,Supermarket,winter,250.11,15,89.0,414,65,5,174.64
2025-09-25,IN-SKU-10337,Personal Care,Maharashtra,Mumbai,Hypermarket,monsoon,836.4,7,249.0,198,105,8,180.36
2023-07-12,IN-SKU-10338,Electronics,Kerala,Kochi,Supermarket,monsoon,24897.36,26,49.0,279,156,6,8.0
2025-08-05,IN-SKU-10339,FMCG,Kerala,Thiruvananthapuram,Supermarket,monsoon,147.01,25,199.0,196,153,4,213.93
2023-12-17,IN-SKU-10340,Perishables,Kerala,Kochi,Supermarket,winter,210.22,18,154.0,26,87,2,224.16
2024-08-13,IN-SKU-10341,Electronics,Tamil Nadu,Chennai,Supermarket,monsoon,17359.72,35,202.0,126,149,2,136.75
2023-10-01,IN-SKU-10342,Home Care,Karnataka,Bengaluru,Supermarket,festival,217.52,32,156.0,238,145,6,195.47
2024-03-03,IN-SKU-10343,FMCG,Delhi NCR,Delhi,Supermarket,summer,196.96,19,97.0,87,66,7,158.27
2023-03-01,IN-SKU-10344,Personal Care,Delhi NCR,Noida,Convenience Store,summer,338.44,31,213.0,94,104,8,219.43
2025-01-16,IN-SKU-10345,Personal Care,Telangana,Hyderabad,Hypermarket,winter,591.25,29,67.0,289,147,3,140.84
2024-12-14,IN-SKU-10346,Perishables,Maharashtra,Nagpur,Hypermarket,winter,69.51,13,77.0,236,82,8,173.01
2025-03-14,IN-SKU-10347,Electronics,Delhi NCR,Delhi,Supermarket,,1824.89,17,236.0,324,113,4,206.44
2023-03-20,IN-SKU-10348,Perishables,Tamil Nadu,Chennai,Supermarket,summer,278.96,15,39.0,350,81,2,123.3
2023-03-15,IN-SKU-10349,FMCG,Tamil Nadu,Chennai,Supermarket,summer,283.39,35,126.0,69,153,4,192.07
2023-02-20,IN-SKU-10350,Electronics,Maharashtra,Nagpur,Supermarket,winter,27514.01,2,309.0,77,172,3,102.77
2023-03-12,IN-SKU-10351,FMCG,Tamil Nadu,Chennai,Supermarket,summer,285.72,3,315.0,288,133,4,258.2
2024-06-07,IN-SKU-10352,Home Care,Tamil Nadu,Chennai,Hypermarket,summer,82.92,1,172.0,394,129,2,160.38
2025-06-24,IN-SKU-10353,FMCG,Telangana,Hyderabad,Convenience Store,summer,393.59,2,62.0,135,122,3,117.65
2023-09-26,IN-SKU-10354,Personal Care,Karnataka,Bengaluru,Hypermarket,monsoon,526.21,28,48.0,81,121,7,148.35
2023-12-06,IN-SKU-10355,Personal Care,Delhi NCR,Noida,Online,winter,410.03,37,21.0,45,76,2,122.12
2024-11-18,IN-SKU-10356,Home Care,Kerala,Kochi,Convenience Store,festival,178.11,28,244.0,161,79,9,235.31
2023-03-24,IN-SKU-10357,Home Care,Telangana,Warangal,Convenience Store,summer,546.02,11,61.0,343,151,3,110.46
2023-11-20,IN-SKU-10358,Staples,Karnataka,Bengaluru,Supermarket,festival,358.57,19,49.0,85,114,5,191.68
2023-09-22,IN-SKU-10359,Perishables,Telangana,Hyderabad,Online,monsoon,166.37,14,295.0,139,151,8,251.47
2023-11-21,IN-SKU-10360,Home Care,Kerala,Kochi,Hypermarket,festival,730.81,32,185.0,128,100,6,217.49
2023-10-30,IN-SKU-10361,Perishables,Tamil Nadu,Chennai,Convenience Store,festival,31.17,4,43.0,298,66,2,149.59
2025-07-09,IN-SKU-10362,FMCG,Kerala,Kochi,Convenience Store,monsoon,429.89,9,62.0,403,171,4,117.12
2025-01-26,IN-SKU-10363,Home Care,Tamil Nadu,Coimbatore,Hypermarket,winter,437.35,28,117.0,62,173,3,199.61
2023-02-07,IN-SKU-10364,FMCG,Telangana,Hyderabad,Convenience Store,winter,295.82,3,146.0,56,50,3,173.07
2024-11-10,IN-SKU-10365,Staples,Tamil Nadu,Coimbatore,Hypermarket,festival,629.61,23,246.0,218,174,5,288.4
2023-05-29,IN-SKU-10366,Perishables,Delhi NCR,Gurugram,Online,summer,206.86,13,34.0,44,169,5,180.24
2023-12-18,IN-SKU-10367,Electronics,Maharashtra,Mumbai,Hypermarket,winter,17515.07,38,107.0,45,110,5,115.32
2023-04-17,IN-SKU-10368,FMCG,Maharashtra,Nagpur,Hypermarket,summer,328.69,12,260.0,261,119,3,249.79
2023-04-12,IN-SKU-10369,FMCG,Delhi NCR,Noida,Online,summer,149.11,20,27.0,117,55,8,131.47
2024-01-01,IN-SKU-10370,Perishables,Karnataka,Mysuru,Hypermarket,winter,108.44,36,266.0,83,95,8,284.44
2024-05-09,IN-SKU-10371,Staples,Tamil Nadu,Coimbatore,Convenience Store,summer,282.59,32,29.0,66,115,10,151.6
2023-08-08,IN-SKU-10372,Staples,Kerala,Kochi,Hypermarket,monsoon,455.16,14,220.0,147,161,3,222.95
2025-08-04,IN-SKU-10373,Perishables,Karnataka,Bengaluru,Convenience Store,monsoon,188.33,12,60.0,196,95,5,126.03
2025-08-09,IN-SKU-10374,Staples,Delhi NCR,Delhi,Hypermarket,monsoon,51.13,6,294.0,201,116,7,267.1
2023-06-02,IN-SKU-10375,Staples,Delhi NCR,Gurugram,Supermarket,summer,459.57,37,184.0,397,171,10,214.87
2025-08-21,IN-SKU-10376,Electronics,Maharashtra,Pune,Supermarket,monsoon,20901.18,28,298.0,49,159,9,134.54
2024-06-08,IN-SKU-10377,Home Care,Karnataka,Mysuru,Hypermarket,summer,687.82,2,283.0,345,155,2,210.57
2025-08-17,IN-SKU-10378,Personal Care,Karnataka,Mysuru,Supermarket,monsoon,489.39,4,36.0,139,108,6,76.13
2023-03-12,IN-SKU-10379,Home Care,Tamil Nadu,Coimbatore,Online,summer,309.32,2,217.0,181,59,4,191.86
2025-01-12,IN-SKU-10380,Electronics,Maharashtra,Nagpur,Online,winter,16035.14,36,187.0,413,166,3,135.25
2023-06-15,IN-SKU-10381,Perishables,Karnataka,Mysuru,Supermarket,summer,175.02,13,99.0,95,147,4,162.38
2023-04-22,IN-SKU-10382,Personal Care,Delhi NCR,Delhi,Convenience Store,summer,335.6,13,266.0,296,50,10,214.19
2023-02-02,IN-SKU-10383,Home Care,Maharashtra,Mumbai,Online,winter,684.54,40,26.0,336,55,2,124.33
2024-01-18,IN-SKU-10384,Home Care,Maharashtra,Pune,Convenience Store,winter,495.21,11,110.0,144,110,5,129.59
2024-07-05,IN-SKU-10385,Perishables,Kerala,Kozhikode,Hypermarket,monsoon,132.41,22,268.0,383,102,9,254.22
2023-11-07,IN-SKU-10386,Home Care,Kerala,Thiruvananthapuram,Convenience Store,festival,548.99,28,244.0,290,74,3,235.69
2024-11-07,IN-SKU-10387,FMCG,Kerala,Kochi,Online,festival,288.16,24,58.0,346,122,5,199.87
2024-01-08,IN-SKU-10388,Staples,Kerala,Thiruvananthapuram,Convenience Store,winter,45.39,35,213.0,307,175,7,272.65
2024-04-15,IN-SKU-10389,Perishables,Tamil Nadu,Coimbatore,Online,summer,203.89,27,316.0,408,78,3,294.97
2025-10-01,IN-SKU-10390,Staples,Karnataka,Mysuru,Convenience Store,festival,360.12,7,280.0,63,158,7,295.13
2025-12-22,IN-SKU-10391,FMCG,Kerala,Kozhikode,Online,winter,236.02,4,34.0,26,177,6,159.04
2024-11-18,IN-SKU-10392,FMCG,Tamil Nadu,Chennai,Convenience Store,festival,99.09,32,111.0,375,91,4,236.12
2024-05-04,IN-SKU-10393,Staples,Telangana,Hyderabad,Hypermarket,summer,648.58,13,54.0,360,77,3,145.98
2023-11-05,IN-SKU-10394,Perishables,Kerala,Kochi,Convenience Store,festival,149.55,21,297.0,269,114,6,297.43
2024-10-24,IN-SKU-10395,FMCG,Karnataka,Bengaluru,Online,festival,372.06,37,278.0,213,47,9,339.64
2023-07-17,IN-SKU-10396,Perishables,Tamil Nadu,Coimbatore,Hypermarket,monsoon,103.8,5,136.0,348,63,7,182.95
2023-06-19,IN-SKU-10397,Home Care,Maharashtra,Mumbai,Hypermarket,summer,564.06,31,294.0,340,166,5,273.33
2025-03-28,IN-SKU-10398,Home Care,Tamil Nadu,Chennai,Supermarket,summer,620.01,11,46.0,37,80,6,117.81
2023-09-19,IN-SKU-10399,FMCG,Kerala,Kozhikode,Hypermarket,monsoon,126.32,11,300.0,21,149,5,255.58
2024-11-02,IN-SKU-10400,Personal Care,Telangana,Hyderabad,Supermarket,festival,576.62,9,287.0,261,168,2,256.6
2024-01-22,IN-SKU-10401,Electronics,Maharashtra,Nagpur,Convenience Store,winter,8239.93,13,155.0,354,64,8,125.83
2025-04-30,IN-SKU-10402,Personal Care,Delhi NCR,Delhi,Supermarket,summer,149.37,27,309.0,259,114,8,252.82
2023-11-30,IN-SKU-10403,FMCG,Maharashtra,Pune,Convenience Store,festival,256.77,33,102.0,32,141,7,242.08
2024-04-25,IN-SKU-10404,Perishables,Maharashtra,Nagpur,Hypermarket,summer,84.24,30,277.0,138,147,5,290.94
2024-08-15,IN-SKU-10405,FMCG,Telangana,Warangal,Supermarket,monsoon,208.08,13,283.0,42,117,8,258.74
2024-06-06,IN-SKU-10406,Perishables,Delhi NCR,Delhi,Hypermarket,summer,74.92,27,58.0,171,175,5,208.84
2025-07-15,IN-SKU-10407,Perishables,Karnataka,Mysuru,Convenience Store,monsoon,248.36,12,116.0,248,169,5,146.87
2023-03-09,IN-SKU-10408,Staples,Tamil Nadu,Chennai,Hypermarket,summer,156.61,7,48.0,159,125,8,160.84
2024-01-19,IN-SKU-10409,Personal Care,Kerala,Kozhikode,Supermarket,winter,,1,245.0,189,178,4,184.12
2024-06-13,IN-SKU-10410,Electronics,Maharashtra,Mumbai,Supermarket,summer,16350.42,17,225.0,44,117,10,117.38
2023-09-22,IN-SKU-10411,Personal Care,Tamil Nadu,Coimbatore,Online,monsoon,697.03,18,317.0,321,123,10,254.34
2024-02-22,IN-SKU-10412,Electronics,Tamil Nadu,Chennai,Hypermarket,winter,18107.15,32,174.0,360,136,7,118.87
2025-05-03,IN-SKU-10413,Perishables,Tamil Nadu,Coimbatore,Convenience Store,summer,216.8,39,300.0,382,73,6,303.25
2025-09-17,IN-SKU-10414,Perishables,Telangana,Warangal,Convenience Store,monsoon,226.91,39,152.0,104,132,9,195.79
2025-05-31,IN-SKU-10415,Personal Care,Karnataka,Bengaluru,Supermarket,summer,796.17,3,112.0,100,123,8,125.82
2025-04-10,IN-SKU-10416,Staples,Kerala,Kochi,Hypermarket,summer,203.3,30,103.0,391,46,4,155.12
2024-06-06,IN-SKU-10417,Perishables,Telangana,Hyderabad,Supermarket,summer,225.41,3,173.0,154,75,9,194.01
2024-12-19,IN-SKU-10418,Personal Care,Delhi NCR,Gurugram,Convenience Store,winter,725.64,39,167.0,301,112,5,177.99
2023-04-25,IN-SKU-10419,Home Care,Delhi NCR,Gurugram,Online,summer,231.55,3,177.0,391,137,5,171.65
2025-10-12,IN-SKU-10420,FMCG,Kerala,Thiruvananthapuram,Supermarket,festival,44.67,28,66.0,244,58,9,210.7
2024-06-22,IN-SKU-10421,Perishables,Tamil Nadu,Coimbatore,Supermarket,summer,73.72,17,113.0,91,113,2,191.46
2024-05-11,IN-SKU-10422,Electronics,Karnataka,Mysuru,Convenience Store,summer,16178.13,25,61.0,245,163,9,39.23
2023-12-06,IN-SKU-10423,Perishables,Kerala,Kozhikode,Convenience Store,winter,238.65,17,250.0,271,101,7,229.33
2024-08-23,IN-SKU-10424,Perishables,Tamil Nadu,Chennai,Supermarket,monsoon,263.26,22,207.0,210,127,7,203.11
2024-09-12,IN-SKU-10425,Staples,Kerala,Kochi,Convenience Store,monsoon,69.16,11,258.0,133,103,8,218.41
2024-07-17,IN-SKU-10426,Electronics,Karnataka,Bengaluru,Hypermarket,monsoon,20678.93,24,231.0,114,114,7,105.86
2024-07-08,IN-SKU-10427,Perishables,Telangana,Warangal,Convenience Store,monsoon,77.17,15,261.0,195,64,5,215.92
2023-01-18,IN-SKU-10428,Personal Care,Kerala,Kozhikode,Hypermarket,winter,857.37,1,117.0,245,82,6,104.28
2025-01-03,IN-SKU-10429,FMCG,Kerala,Kochi,Supermarket,winter,84.75,15,319.0,184,131,7,291.69
2023-06-07,IN-SKU-10430,Personal Care,Maharashtra,Nagpur,Online,summer,658.82,17,159.0,409,83,9,145.29
2023-04-05,IN-SKU-10431,Perishables,Delhi NCR,Noida,Supermarket,summer,192.46,38,174.0,229,141,6,208.04
2025-03-24,IN-SKU-10432,FMCG,Telangana,Hyderabad,Supermarket,summer,94.49,16,263.0,301,147,8,261.45
2023-04-17,IN-SKU-10433,Staples,Tamil Nadu,Chennai,Convenience Store,summer,354.34,36,162.0,366,154,2,196.93
2023-07-15,IN-SKU-10434,Staples,Telangana,Hyderabad,Convenience Store,monsoon,305.45,21,85.0,366,161,6,142.58
2023-03-13,IN-SKU-10435,Staples,Telangana,Hyderabad,Online,summer,129.01,22,292.0,232,133,2,262.81
2025-02-09,IN-SKU-10436,Perishables,Maharashtra,Pune,Hypermarket,winter,188.77,20,169.0,57,152,5,245.75
2025-06-17,IN-SKU-10437,FMCG,Telangana,Hyderabad,Online,summer,122.05,24,47.0,370,162,8,159.42
2024-01-02,IN-SKU-10438,Personal Care,Delhi NCR,Gurugram,Supermarket,winter,558.41,38,316.0,398,62,3,265.23
2024-01-07,IN-SKU-10439,Personal Care,Telangana,Warangal,Supermarket,winter,349.69,5,47.0,219,102,5,98.42
2023-03-18,IN-SKU-10440,FMCG,Maharashtra,Pune,Hypermarket,summer,116.75,39,42.0,100,129,7,178.82
2025-01-23,IN-SKU-10441,FMCG,Kerala,Kozhikode,Hypermarket,winter,276.22,26,90.0,168,46,3,182.92
2023-05-28,IN-SKU-10442,Electronics,Kerala,Kochi,Online,summer,12221.41,40,44.0,149,158,8,66.1
2025-01-02,IN-SKU-10443,Perishables,Maharashtra,Nagpur,Supermarket,winter,206.19,18,127.0,360,172,4,188.49
2024-09-13,IN-SKU-10444,FMCG,Telangana,Hyderabad,Supermarket,monsoon,289.07,20,99.0,88,179,4,179.17
2024-04-10,IN-SKU-10445,Perishables,Karnataka,Bengaluru,Hypermarket,,42.81,22,236.0,108,165,4,251.28
2024-04-10,IN-SKU-10446,Electronics,Delhi NCR,Noida,Convenience Store,summer,18780.9,32,164.0,382,132,7,94.37
2025-04-26,IN-SKU-10447,FMCG,Karnataka,Bengaluru,Hypermarket,summer,165.03,22,274.0,171,116,9,244.39
2024-07-20,IN-SKU-10448,Electronics,Tamil Nadu,Coimbatore,Hypermarket,monsoon,7755.48,5,92.0,126,91,7,62.92
2024-04-28,IN-SKU-10449,Staples,Delhi NCR,Delhi,Hypermarket,summer,546.06,27,274.0,137,69,4,256.64
2024-04-10,IN-SKU-10450,Personal Care,Tamil Nadu,Chennai,Supermarket,summer,552.36,39,55.0,335,63,3,162.71
2025-06-13,IN-SKU-10451,Perishables,Delhi NCR,Noida,Convenience Store,summer,129.11,7,72.0,31,58,10,146.65
2024-04-22,IN-SKU-10452,Staples,Karnataka,Bengaluru,Hypermarket,summer,210.89,6,238.0,143,59,4,213.38
2023-11-22,IN-SKU-10453,FMCG,Karnataka,Bengaluru,Supermarket,festival,76.89,25,249.0,354,122,8,307.69
2023-08-08,IN-SKU-10454,Personal Care,Telangana,Hyderabad,Convenience Store,monsoon,820.36,24,108.0,283,124,5,146.25
2023-12-10,IN-SKU-10455,Personal Care,Delhi NCR,Noida,Convenience Store,winter,828.87,3,175.0,148,87,6,144.11
2024-10-30,IN-SKU-10456,Perishables,Karnataka,Bengaluru,Convenience Store,festival,244.95,31,115.0,213,115,10,227.67
2024-10-14,IN-SKU-10457,Electronics,Delhi NCR,Gurugram,Supermarket,festival,14838.38,15,163.0,339,120,9,158.03
2025-05-06,IN-SKU-10458,Staples,Karnataka,Bengaluru,Hypermarket,summer,57.32,17,170.0,362,55,3,212.73
2024-11-26,IN-SKU-10459,FMCG,Kerala,Kochi,Hypermarket,festival,231.88,21,96.0,32,53,5,235.13
2023-03-26,IN-SKU-10460,Staples,Kerala,Kozhikode,Hypermarket,summer,331.76,10,194.0,22,52,8,221.29
2025-01-14,IN-SKU-10461,Staples,Kerala,Kochi,Supermarket,winter,565.3,8,138.0,275,67,4,156.64
2025-12-20,IN-SKU-10462,Staples,Kerala,Thiruvananthapuram,Online,winter,472.64,21,318.0,138,79,4,259.24
2024-01-14,IN-SKU-10463,Personal Care,Karnataka,Mysuru,Online,winter,669.63,40,58.0,299,163,8,145.19
2025-11-28,IN-SKU-10464,FMCG,Tamil Nadu,Coimbatore,Supermarket,festival,239.7,4,44.0,309,100,4,180.3
2025-09-15,IN-SKU-10465,FMCG,Telangana,Warangal,Online,monsoon,107.63,21,50.0,102,137,10,128.71
2023-04-13,IN-SKU-10466,Home Care,Karnataka,Bengaluru,Supermarket,summer,121.29,30,154.0,100,145,6,195.87
2023-03-14,IN-SKU-10467,Staples,Kerala,Kochi,Supermarket,summer,455.79,4,41.0,410,70,5,121.39
2023-12-03,IN-SKU-10468,FMCG,Maharashtra,Nagpur,Supermarket,winter,397.19,13,200.0,90,164,8,223.68
2025-03-27,IN-SKU-10469,Personal Care,Delhi NCR,Noida,Convenience Store,summer,116.42,1,71.0,173,110,7,116.12
2024-11-17,IN-SKU-10470,Home Care,Karnataka,Mysuru,Hypermarket,festival,420.89,32,235.0,125,101,6,253.09
2025-12-06,IN-SKU-10471,Perishables,Telangana,Warangal,Supermarket,winter,68.56,32,179.0,358,47,6,235.2
2024-09-06,IN-SKU-10472,Perishables,Kerala,Thiruvananthapuram,Online,monsoon,250.8,39,104.0,346,113,5,180.65
2023-12-17,IN-SKU-10473,Home Care,Kerala,Thiruvananthapuram,Convenience Store,winter,748.83,33,163.0,342,62,6,168.41
2025-08-19,IN-SKU-10474,Home Care,Maharashtra,Pune,Supermarket,monsoon,549.01,16,22.0,162,176,10,103.29
2023-02-14,IN-SKU-10475,Electronics,Delhi NCR,Noida,Supermarket,winter,27843.52,6,201.0,53,71,10,9.53
2025-04-15,IN-SKU-10476,Perishables,Karnataka,Mysuru,Hypermarket,summer,173.21,33,179.0,295,85,10,247.14
2023-07-25,IN-SKU-10477,FMCG,Delhi NCR,Delhi,Supermarket,monsoon,264.71,14,123.0,395,149,3,176.52
2025-08-21,IN-SKU-10478,Home Care,Tamil Nadu,Chennai,Supermarket,monsoon,495.18,10,300.0,335,154,5,216.41
2024-10-08,IN-SKU-10479,Personal Care,Tamil Nadu,Coimbatore,Supermarket,festival,229.3,22,185.0,43,88,10,220.44
2023-09-10,IN-SKU-10480,Electronics,Delhi NCR,Noida,Supermarket,monsoon,13615.44,4,272.0,48,136,2,144.88
2025-05-22,IN-SKU-10481,FMCG,Karnataka,Mysuru,Supermarket,summer,270.95,33,90.0,312,117,2,192.52
2024-05-12,IN-SKU-10482,Home Care,Delhi NCR,Noida,Supermarket,summer,125.79,21,216.0,40,124,8,204.74
2025-07-30,IN-SKU-10483,Staples,Delhi NCR,Gurugram,Convenience Store,monsoon,191.88,12,182.0,283,170,8,184.01
2024-02-28,IN-SKU-10484,FMCG,Kerala,Kozhikode,Hypermarket,winter,152.86,24,55.0,224,99,9,148.26
2023-08-19,IN-SKU-10485,FMCG,Telangana,Hyderabad,Online,monsoon,45.88,29,,148,149,10,234.74
2023-04-26,IN-SKU-10486,Perishables,Delhi NCR,Gurugram,Supermarket,summer,207.24,37,194.0,100,117,3,254.6
2023-09-29,IN-SKU-10487,Staples,Karnataka,Bengaluru,Supermarket,monsoon,502.69,14,67.0,331,159,5,158.52
2024-07-12,IN-SKU-10488,Staples,Maharashtra,Pune,Convenience Store,monsoon,601.13,11,132.0,370,95,6,177.12
2024-12-09,IN-SKU-10489,FMCG,Maharashtra,Nagpur,Supermarket,winter,356.72,30,180.0,25,171,10,238.52
2023-11-12,IN-SKU-10490,Personal Care,Telangana,Warangal,Supermarket,festival,557.45,7,133.0,94,118,4,156.81
2023-11-11,IN-SKU-10491,Electronics,Maharashtra,Nagpur,Online,festival,10824.3,12,192.0,246,45,8,183.49
2023-12-06,IN-SKU-10492,FMCG,Telangana,Hyderabad,Supermarket,winter,399.33,12,293.0,63,120,8,256.82
2024-06-25,IN-SKU-10493,FMCG,Kerala,Kochi,Online,summer,439.07,22,216.0,284,166,7,203.58
2025-01-15,IN-SKU-10494,FMCG,Maharashtra,Nagpur,Online,winter,209.68,23,144.0,150,93,7,216.18
2025-08-06,IN-SKU-10495,Personal Care,Maharashtra,Pune,Online,monsoon,257.8,6,291.0,131,169,2,245.53
2025-10-24,IN-SKU-10496,Staples,Kerala,Kochi,Supermarket,festival,546.24,26,311.0,203,105,5,307.07
2025-02-19,IN-SKU-10497,Perishables,Telangana,Hyderabad,Convenience Store,winter,49.15,35,106.0,233,148,8,206.92
2023-08-21,IN-SKU-10498,Perishables,Delhi NCR,Noida,Hypermarket,monsoon,144.52,4,168.0,362,74,2,184.94
2025-01-07,IN-SKU-10499,Staples,Kerala,Kozhikode,Supermarket,winter,285.47,25,143.0,95,161,9,221.56
2025-04-04,IN-SKU-10500,Home Care,Karnataka,Mysuru,Supermarket,summer,,21,110.0,192,132,4,157.96
2025-12-10,IN-SKU-10501,Staples,Telangana,Warangal,Convenience Store,winter,559.59,3,240.0,243,49,5,188.41
2025-07-09,IN-SKU-10502,Home Care,Telangana,Warangal,Supermarket,monsoon,518.16,22,164.0,221,112,9,170.87
2024-04-04,IN-SKU-10503,Perishables,Delhi NCR,Noida,Supermarket,summer,27.7,5,316.0,217,137,5,272.86
2025-02-11,IN-SKU-10504,Personal Care,Delhi NCR,Delhi,Supermarket,winter,119.21,10,224.0,20,76,6,220.79
2023-06-19,IN-SKU-10505,Personal Care,Tamil Nadu,Coimbatore,Supermarket,summer,651.14,31,317.0,117,179,7,252.07
2023-04-19,IN-SKU-10506,Home Care,Maharashtra,Pune,Supermarket,summer,451.02,27,192.0,141,112,10,199.22
2025-02-10,IN-SKU-10507,FMCG,Kerala,Thiruvananthapuram,Online,winter,67.81,34,166.0,50,124,9,243.6
2025-11-02,IN-SKU-10508,Personal Care,Delhi NCR,Noida,Convenience Store,festival,484.84,40,293.0,277,54,5,272.15
2025-08-13,IN-SKU-10509,FMCG,Kerala,Kozhikode,Supermarket,monsoon,440.89,29,150.0,92,74,9,191.23
2024-05-12,IN-SKU-10510,Electronics,Karnataka,Bengaluru,Convenience Store,summer,19792.88,37,116.0,362,171,8,58.44
2023-04-26,IN-SKU-10511,Perishables,Delhi NCR,Delhi,Convenience Store,summer,141.42,35,116.0,134,119,9,208.08
2024-09-01,IN-SKU-10512,FMCG,Kerala,Thiruvananthapuram,Online,monsoon,300.02,20,289.0,63,113,10,269.88
2025-08-11,IN-SKU-10513,Perishables,Telangana,Hyderabad,Supermarket,monsoon,136.27,8,117.0,128,117,7,149.31
2025-07-24,IN-SKU-10514,FMCG,Kerala,Kochi,Supermarket,monsoon,118.28,28,20.0,209,47,3,137.31
2024-09-18,IN-SKU-10515,FMCG,Delhi NCR,Noida,Supermarket,monsoon,227.44,37,273.0,341,119,3,225.38
2025-05-17,IN-SKU-10516,FMCG,Delhi NCR,Gurugram,Convenience Store,summer,99.61,36,225.0,386,155,4,264.91
2024-04-24,IN-SKU-10517,Home Care,Karnataka,Bengaluru,Hypermarket,summer,666.18,16,102.0,83,137,8,154.44
2025-07-28,IN-SKU-10518,FMCG,Telangana,Hyderabad,Supermarket,monsoon,89.94,27,43.0,369,151,8,165.12
2024-01-10,IN-SKU-10519,Electronics,Tamil Nadu,Chennai,Hypermarket,winter,8458.67,30,155.0,362,101,4,141.3
2025-03-10,IN-SKU-10520,Home Care,Telangana,Hyderabad,Hypermarket,summer,527.95,29,140.0,211,67,5,183.26
2024-06-07,IN-SKU-10521,Perishables,Delhi NCR,Noida,Hypermarket,summer,54.81,18,109.0,54,154,9,206.57
2023-03-22,IN-SKU-10522,Perishables,Kerala,Thiruvananthapuram,Convenience Store,summer,254.31,32,190.0,97,53,5,226.87
2023-03-05,IN-SKU-10523,Staples,Karnataka,Bengaluru,Hypermarket,summer,206.74,6,203.0,48,149,10,220.8
2023-10-02,IN-SKU-10524,Staples,Telangana,Hyderabad,Supermarket,festival,599.26,24,122.0,114,131,3,261.73
2025-04-08,IN-SKU-10525,FMCG,Tamil Nadu,Chennai,Convenience Store,summer,121.91,2,87.0,331,106,2,151.97
2023-09-05,IN-SKU-10526,Personal Care,Maharashtra,Pune,Online,,153.08,18,79.0,231,78,10,106.69
2025-06-11,IN-SKU-10527,Staples,Delhi NCR,Delhi,Online,summer,84.46,22,299.0,220,88,10,258.97
2025-06-27,IN-SKU-10528,Perishables,Karnataka,Bengaluru,Convenience Store,summer,168.11,17,84.0,303,119,8,166.57
2024-12-11,IN-SKU-10529,FMCG,Maharashtra,Mumbai,Supermarket,winter,213.7,18,44.0,130,146,6,147.49
2024-12-15,IN-SKU-10530,Staples,Delhi NCR,Noida,Online,winter,570.15,37,115.0,319,141,3,176.13
2024-05-12,IN-SKU-10531,Perishables,Kerala,Kozhikode,Online,summer,102.12,0,74.0,95,179,4,180.89
2024-09-03,IN-SKU-10532,FMCG,Tamil Nadu,Coimbatore,Supermarket,monsoon,226.99,17,264.0,311,175,6,231.71
2024-05-16,IN-SKU-10533,Staples,Kerala,Thiruvananthapuram,Convenience Store,summer,352.16,23,302.0,191,134,5,256.36
2025-03-01,IN-SKU-10534,Staples,Karnataka,Mysuru,Convenience Store,summer,211.16,22,219.0,301,95,6,214.04
2025-07-07,IN-SKU-10535,Home Care,Telangana,Warangal,Online,monsoon,477.72,16,109.0,292,50,2,153.23
2025-01-11,IN-SKU-10536,FMCG,Tamil Nadu,Coimbatore,Supermarket,winter,99.74,3,283.0,189,104,2,260.33
2023-10-26,IN-SKU-10537,FMCG,Kerala,Kochi,Convenience Store,festival,,12,252.0,100,49,8,273.56
2023-12-17,IN-SKU-10538,Electronics,Maharashtra,Nagpur,Hypermarket,winter,17886.94,3,26.0,131,119,7,8.0
2023-11-08,IN-SKU-10539,Personal Care,Telangana,Warangal,Supermarket,festival,306.44,31,91.0,197,72,5,190.9
2024-08-03,IN-SKU-10540,Staples,Telangana,Warangal,Hypermarket,monsoon,380.42,28,86.0,292,122,9,203.62
2024-10-17,IN-SKU-10541,Personal Care,Maharashtra,Nagpur,Hypermarket,festival,782.27,24,273.0,63,157,3,274.58
2024-12-03,IN-SKU-10542,Perishables,Delhi NCR,Delhi,Hypermarket,winter,89.87,9,227.0,212,72,8,239.99
2024-11-13,IN-SKU-10543,Staples,Delhi NCR,Noida,Supermarket,festival,153.83,32,283.0,304,64,9,327.38
2024-07-15,IN-SKU-10544,FMCG,Maharashtra,Mumbai,Supermarket,monsoon,228.23,27,136.0,396,167,2,198.45
2024-02-14,IN-SKU-10545,Electronics,Tamil Nadu,Chennai,Hypermarket,winter,11307.51,27,68.0,130,143,7,109.0
2023-07-28,IN-SKU-10546,Staples,Kerala,Kozhikode,Convenience Store,monsoon,218.45,8,247.0,271,161,6,207.7
2024-06-14,IN-SKU-10547,Perishables,Karnataka,Mysuru,Convenience Store,summer,184.23,6,76.0,363,98,6,137.03
2024-11-20,IN-SKU-10548,Home Care,Delhi NCR,Noida,Convenience Store,festival,604.67,21,216.0,296,133,9,188.33
2024-11-08,IN-SKU-10549,FMCG,Telangana,Warangal,Supermarket,festival,391.35,40,92.0,164,55,6,240.98
2025-02-07,IN-SKU-10550,Perishables,Maharashtra,Mumbai,Supermarket,winter,22.4,19,131.0,147,47,2,192.33
2024-09-20,IN-SKU-10551,Perishables,Karnataka,Mysuru,Online,monsoon,171.36,2,143.0,206,53,5,157.62
2023-11-28,IN-SKU-10552,FMCG,Delhi NCR,Delhi,Supermarket,festival,101.66,37,,153,71,4,240.16
2023-08-10,IN-SKU-10553,FMCG,Delhi NCR,Delhi,Online,monsoon,327.06,4,126.0,258,134,6,155.58
2025-11-17,IN-SKU-10554,Personal Care,Kerala,Kozhikode,Supermarket,festival,616.86,14,250.0,86,131,4,232.55
2024-12-17,IN-SKU-10555,Personal Care,Tamil Nadu,Coimbatore,Hypermarket,winter,257.35,26,179.0,101,55,7,202.04
2023-03-12,IN-SKU-10556,Staples,Telangana,Warangal,Convenience Store,summer,309.65,20,295.0,355,95,7,249.99
2023-12-21,IN-SKU-10557,Staples,Karnataka,Bengaluru,Supermarket,winter,403.16,24,27.0,22,59,6,155.36
2025-05-06,IN-SKU-10558,FMCG,Karnataka,Bengaluru,Online,summer,113.89,25,285.0,325,173,7,262.99
2023-07-12,IN-SKU-10559,Perishables,Telangana,Warangal,Online,monsoon,79.71,16,269.0,83,175,9,262.98
2025-09-05,IN-SKU-10560,FMCG,Kerala,Thiruvananthapuram,Convenience Store,monsoon,,22,184.0,239,139,2,209.85
2024-09-04,IN-SKU-10561,Perishables,Telangana,Warangal,Supermarket,monsoon,259.7,6,173.0,269,177,4,178.73
2023-09-22,IN-SKU-10562,Perishables,Karnataka,Bengaluru,Hypermarket,monsoon,151.49,12,315.0,109,127,7,258.2
2023-04-26,IN-SKU-10563,FMCG,Kerala,Kozhikode,Convenience Store,summer,207.93,29,35.0,393,160,5,141.11
2025-12-17,IN-SKU-10564,Perishables,Kerala,Kozhikode,Hypermarket,winter,217.3,38,123.0,165,105,9,220.37
2023-01-17,IN-SKU-10565,Home Care,Tamil Nadu,Coimbatore,Online,winter,457.38,26,108.0,29,136,9,203.59
2023-08-28,IN-SKU-10566,Perishables,Kerala,Kozhikode,Hypermarket,monsoon,237.54,6,71.0,264,102,5,130.99
2023-04-02,IN-SKU-10567,Personal Care,Maharashtra,Mumbai,Convenience Store,summer,105.17,37,171.0,269,138,5,200.21
2023-10-12,IN-SKU-10568,FMCG,Karnataka,Mysuru,Hypermarket,festival,123.73,22,295.0,410,113,9,344.42
2024-12-23,IN-SKU-10569,Home Care,Telangana,Hyderabad,Hypermarket,winter,117.11,19,31.0,110,160,4,129.84
2023-02-12,IN-SKU-10570,Electronics,Karnataka,Mysuru,Supermarket,winter,23485.73,13,288.0,213,149,2,96.22
2023-02-25,IN-SKU-10571,Staples,Karnataka,Bengaluru,Supermarket,winter,82.97,3,21.0,149,101,5,133.46
2023-03-27,IN-SKU-10572,Electronics,Telangana,Warangal,Supermarket,summer,12003.19,40,214.0,313,86,7,168.59
2023-10-01,IN-SKU-10573,Personal Care,Maharashtra,Nagpur,Convenience Store,festival,763.26,13,34.0,89,145,10,113.75
2024-10-23,IN-SKU-10574,Staples,Maharashtra,Mumbai,Convenience Store,festival,277.87,20,20.0,289,78,7,145.96
2023-12-28,IN-SKU-10575,Electronics,Maharashtra,Nagpur,Convenience Store,winter,17290.2,21,224.0,68,145,3,119.92
2023-05-01,IN-SKU-10576,Perishables,Delhi NCR,Noida,Convenience Store,summer,161.15,18,97.0,88,138,10,162.02
2024-02-11,IN-SKU-10577,FMCG,Telangana,Warangal,Online,winter,65.28,0,41.0,200,166,8,159.97
2025-04-15,IN-SKU-10578,Staples,Delhi NCR,Delhi,Hypermarket,summer,67.91,16,107.0,69,54,5,165.95
2025-08-15,IN-SKU-10579,Staples,Maharashtra,Pune,Hypermarket,monsoon,128.27,4,21.0,97,93,2,120.1
2023-01-21,IN-SKU-10580,Perishables,Delhi NCR,Delhi,Convenience Store,winter,183.0,16,75.0,63,98,8,176.24
2023-10-27,IN-SKU-10581,Perishables,Maharashtra,Nagpur,Supermarket,festival,139.8,12,215.0,223,50,9,268.68
2025-02-04,IN-SKU-10582,FMCG,Tamil Nadu,Chennai,Supermarket,winter,368.67,19,245.0,370,124,6,230.65
2025-06-23,IN-SKU-10583,Personal Care,Kerala,Thiruvananthapuram,Convenience Store,summer,190.09,7,285.0,167,157,9,228.6
2025-09-04,IN-SKU-10584,Staples,Delhi NCR,Delhi,Online,monsoon,574.52,37,267.0,363,160,7,248.83
2025-10-02,IN-SKU-10585,FMCG,Karnataka,Mysuru,Convenience Store,festival,432.4,29,110.0,414,175,4,195.28
2025-05-08,IN-SKU-10586,Staples,Maharashtra,Mumbai,Supermarket,summer,413.11,32,119.0,199,130,8,202.73
2025-10-29,IN-SKU-10587,Electronics,Tamil Nadu,Coimbatore,Supermarket,festival,7823.66,23,47.0,241,144,9,110.46
2024-08-02,IN-SKU-10588,Personal Care,Kerala,Kochi,Online,monsoon,307.42,0,75.0,132,174,10,120.44
2023-11-09,IN-SKU-10589,Perishables,Karnataka,Mysuru,Supermarket,festival,258.67,14,142.0,151,148,2,211.7
2025-07-22,IN-SKU-10590,FMCG,Delhi NCR,Gurugram,Supermarket,monsoon,284.94,1,296.0,195,148,4,233.15
2023-10-15,IN-SKU-10591,FMCG,Tamil Nadu,Chennai,Hypermarket,festival,356.88,10,228.0,286,142,4,284.51
2025-08-16,IN-SKU-10592,Home Care,Kerala,Kozhikode,Convenience Store,monsoon,279.74,1,40.0,309,139,5,90.93
2025-04-16,IN-SKU-10593,Home Care,Telangana,Hyderabad,Convenience Store,summer,516.13,37,291.0,391,84,9,234.22
2024-12-15,IN-SKU-10594,Personal Care,Kerala,Kochi,Supermarket,winter,179.44,33,290.0,373,109,9,257.79
2024-03-02,IN-SKU-10595,Perishables,Tamil Nadu,Chennai,Supermarket,summer,279.23,33,29.0,258,124,9,148.96
2023-11-23,IN-SKU-10596,FMCG,Telangana,Warangal,Online,festival,125.93,29,229.0,333,166,9,273.26
2023-03-02,IN-SKU-10597,FMCG,Tamil Nadu,Coimbatore,Hypermarket,summer,421.03,3,188.0,175,104,3,169.72
2023-05-11,IN-SKU-10598,Perishables,Kerala,Thiruvananthapuram,Supermarket,summer,198.84,16,32.0,292,114,2,138.57
2025-03-17,IN-SKU-10599,Personal Care,Maharashtra,Mumbai,Hypermarket,summer,197.27,22,87.0,347,112,8,167.69
2025-01-23,IN-SKU-10600,Personal Care,Telangana,Warangal,Hypermarket,winter,86.27,7,307.0,79,106,3,258.04
2025-12-31,IN-SKU-10601,FMCG,Kerala,Kozhikode,Online,winter,303.09,32,305.0,346,85,10,301.23
2023-01-27,IN-SKU-10602,Personal Care,Kerala,Kochi,Hypermarket,winter,674.61,18,47.0,351,113,4,125.54
2025-04-13,IN-SKU-10603,Home Care,Maharashtra,Mumbai,Convenience Store,summer,574.97,5,308.0,128,109,4,196.03
2025-03-17,IN-SKU-10604,FMCG,Karnataka,Mysuru,Convenience Store,summer,345.21,18,72.0,392,174,10,152.15
2023-01-21,IN-SKU-10605,FMCG,Karnataka,Bengaluru,Convenience Store,winter,80.94,7,51.0,315,146,2,151.48
2023-06-07,IN-SKU-10606,Staples,Tamil Nadu,Chennai,Supermarket,summer,427.71,5,38.0,397,126,7,121.83
2023-03-04,IN-SKU-10607,Staples,Maharashtra,Nagpur,Convenience Store,summer,649.31,8,27.0,20,56,8,82.49
2023-02-03,IN-SKU-10608,Electronics,Delhi NCR,Delhi,Supermarket,winter,11921.07,37,243.0,145,112,7,198.91
2025-07-07,IN-SKU-10609,Perishables,Telangana,Hyderabad,Online,monsoon,99.63,35,27.0,121,119,4,145.05
2024-11-01,IN-SKU-10610,Home Care,Maharashtra,Pune,Hypermarket,festival,192.89,25,140.0,334,162,6,203.62
2024-12-30,IN-SKU-10611,Perishables,Karnataka,Bengaluru,Supermarket,winter,275.09,19,72.0,97,110,7,187.96
2024-11-25,IN-SKU-10612,Staples,Kerala,Kochi,Convenience Store,festival,215.43,10,294.0,142,170,9,299.35
2025-08-26,IN-SKU-10613,Home Care,Tamil Nadu,Coimbatore,Hypermarket,monsoon,312.32,14,271.0,320,95,5,238.74
2024-06-09,IN-SKU-10614,Electronics,Kerala,Kozhikode,Hypermarket,summer,17017.13,0,199.0,240,50,5,95.13
2025-02-16,IN-SKU-10615,Staples,Karnataka,Mysuru,Supermarket,winter,83.93,27,125.0,90,128,4,206.01
2025-08-11,IN-SKU-10616,Personal Care,Telangana,Warangal,Supermarket,monsoon,840.73,13,129.0,60,129,4,130.01
2025-04-08,IN-SKU-10617,FMCG,Telangana,Warangal,Supermarket,summer,399.88,27,64.0,27,154,2,159.19
2025-07-19,IN-SKU-10618,Electronics,Telangana,Hyderabad,Convenience Store,monsoon,23916.39,5,245.0,299,108,8,42.82
2025-11-10,IN-SKU-10619,Electronics,Tamil Nadu,Coimbatore,Convenience Store,festival,8707.89,29,166.0,265,172,7,184.4
2023-10-31,IN-SKU-10620,Staples,Karnataka,Mysuru,Convenience Store,festival,598.73,0,144.0,249,69,2,195.01
2024-03-26,IN-SKU-10621,Electronics,Maharashtra,Mumbai,Hypermarket,summer,15871.79,36,37.0,259,109,2,64.37
2024-10-24,IN-SKU-10622,Perishables,Maharashtra,Pune,Convenience Store,festival,183.05,29,88.0,196,65,9,231.65
2025-12-09,IN-SKU-10623,Perishables,Maharashtra,Pune,Convenience Store,winter,179.79,18,23.0,263,163,10,148.78
2023-03-31,IN-SKU-10624,Staples,Maharashtra,Pune,Supermarket,summer,,12,41.0,65,160,3,150.75
2023-04-29,IN-SKU-10625,Staples,Tamil Nadu,Chennai,Hypermarket,,527.17,1,255.0,170,52,7,232.97
2025-04-23,IN-SKU-10626,Staples,Karnataka,Mysuru,Supermarket,summer,579.45,3,153.0,256,144,3,172.01
2025-11-18,IN-SKU-10627,Home Care,Telangana,Warangal,Supermarket,festival,580.31,37,145.0,26,115,8,214.37
2023-02-19,IN-SKU-10628,Perishables,Telangana,Warangal,Online,winter,190.86,28,269.0,266,175,8,283.37
2024-11-21,IN-SKU-10629,Electronics,Karnataka,Bengaluru,Supermarket,festival,16459.96,21,246.0,168,96,4,181.66
2025-08-04,IN-SKU-10630,Staples,Telangana,Warangal,Supermarket,monsoon,87.25,23,78.0,327,175,7,168.84
2023-04-04,IN-SKU-10631,Home Care,Maharashtra,Mumbai,Convenience Store,summer,275.04,21,57.0,380,123,3,121.36
2024-01-15,IN-SKU-10632,FMCG,Tamil Nadu,Chennai,Convenience Store,,257.57,3,144.0,381,154,2,177.11
2024-11-10,IN-SKU-10633,Staples,Karnataka,Mysuru,Online,festival,460.06,31,51.0,99,99,7,224.05
2023-05-22,IN-SKU-10634,Home Care,Maharashtra,Nagpur,Supermarket,summer,125.94,4,286.0,340,179,8,230.53
2025-12-27,IN-SKU-10635,Perishables,Telangana,Hyderabad,Supermarket,,250.46,37,224.0,378,148,3,271.58
2025-09-22,IN-SKU-10636,Electronics,Karnataka,Mysuru,Hypermarket,monsoon,20330.38,27,212.0,335,161,2,106.7
2024-07-09,IN-SKU-10637,Electronics,Maharashtra,Mumbai,Online,monsoon,27108.75,7,31.0,172,147,4,8.0
2023-08-02,IN-SKU-10638,FMCG,Maharashtra,Mumbai,Hypermarket,monsoon,134.47,24,35.0,52,137,2,119.27
2025-01-20,IN-SKU-10639,Personal Care,Kerala,Kozhikode,Hypermarket,winter,686.87,14,260.0,370,66,9,218.96
2023-12-19,IN-SKU-10640,Personal Care,Telangana,Hyderabad,Hypermarket,winter,668.1,1,46.0,418,96,9,80.28
2023-05-23,IN-SKU-10641,Personal Care,Delhi NCR,Gurugram,Online,summer,744.32,9,263.0,205,179,9,198.14
2024-01-07,IN-SKU-10642,Home Care,Maharashtra,Mumbai,Convenience Store,winter,427.98,4,292.0,283,115,7,219.25
2025-05-26,IN-SKU-10643,Staples,Karnataka,Mysuru,Hypermarket,summer,484.77,31,231.0,352,149,9,234.98
2025-06-13,IN-SKU-10644,Personal Care,Karnataka,Mysuru,Convenience Store,summer,499.85,3,258.0,140,78,7,218.68
2023-12-11,IN-SKU-10645,Home Care,Kerala,Thiruvananthapuram,Convenience Store,winter,196.57,28,129.0,83,111,6,197.9
2024-01-13,IN-SKU-10646,Personal Care,Karnataka,Mysuru,Supermarket,winter,339.61,32,216.0,239,128,5,194.2
2025-08-29,IN-SKU-10647,FMCG,Karnataka,Mysuru,Hypermarket,monsoon,173.12,19,101.0,246,131,7,181.11
2025-02-10,IN-SKU-10648,FMCG,Delhi NCR,Noida,Convenience Store,winter,447.87,8,279.0,29,58,9,228.1
2024-11-13,IN-SKU-10649,Staples,Tamil Nadu,Coimbatore,Hypermarket,festival,197.73,23,200.0,32,121,6,271.11
2025-12-22,IN-SKU-10650,Home Care,Tamil Nadu,Coimbatore,Convenience Store,winter,165.96,13,78.0,274,126,3,106.84
2024-06-02,IN-SKU-10651,Staples,Maharashtra,Mumbai,Convenience Store,summer,,6,233.0,132,177,2,225.87
2024-06-26,IN-SKU-10652,Staples,Tamil Nadu,Coimbatore,Supermarket,summer,202.64,39,67.0,357,145,6,181.46
2025-07-18,IN-SKU-10653,Home Care,Karnataka,Bengaluru,Supermarket,monsoon,600.69,21,54.0,356,64,4,109.48
2023-08-14,IN-SKU-10654,FMCG,Tamil Nadu,Coimbatore,Convenience Store,monsoon,227.92,1,284.0,274,120,4,231.43
2025-04-20,IN-SKU-10655,FMCG,Maharashtra,Nagpur,Hypermarket,summer,148.12,39,99.0,257,120,7,209.45
2025-05-22,IN-SKU-10656,Staples,Delhi NCR,Delhi,Supermarket,summer,496.85,12,110.0,244,86,9,171.3
2025-03-10,IN-SKU-10657,FMCG,Tamil Nadu,Coimbatore,Online,summer,137.83,35,112.0,119,125,9,198.76
2023-01-23,IN-SKU-10658,Personal Care,Telangana,Warangal,Online,winter,641.9,16,198.0,79,152,7,188.92
2024-05-31,IN-SKU-10659,Personal Care,Telangana,Hyderabad,Hypermarket,summer,607.72,2,124.0,202,77,10,135.56
2024-08-01,IN-SKU-10660,Staples,Kerala,Kochi,Supermarket,monsoon,449.17,26,112.0,25,161,4,157.11
2023-06-23,IN-SKU-10661,Perishables,Telangana,Warangal,Convenience Store,summer,,28,206.0,339,126,5,219.1
2025-03-19,IN-SKU-10662,Electronics,Karnataka,Bengaluru,Supermarket,summer,,40,123.0,84,157,5,73.52
2023-05-28,IN-SKU-10663,Perishables,Karnataka,Bengaluru,Convenience Store,summer,115.21,33,32.0,171,99,7,180.36
2024-12-09,IN-SKU-10664,Electronics,Maharashtra,Pune,Online,winter,16293.13,28,132.0,252,148,2,107.77
2024-01-27,IN-SKU-10665,FMCG,Tamil Nadu,Coimbatore,Convenience Store,winter,99.92,18,38.0,219,64,6,160.4
2024-02-21,IN-SKU-10666,Home Care,Tamil Nadu,Chennai,Convenience Store,winter,86.79,35,207.0,68,117,3,212.27
2024-05-03,IN-SKU-10667,Electronics,Tamil Nadu,Coimbatore,Online,summer,25081.32,30,59.0,371,131,8,20.93
2025-05-14,IN-SKU-10668,Electronics,Maharashtra,Nagpur,Supermarket,summer,10731.8,4,156.0,69,80,2,116.0
2024-02-07,IN-SKU-10669,Perishables,Delhi NCR,Gurugram,Supermarket,winter,130.73,37,155.0,22,152,5,254.28
2025-06-25,IN-SKU-10670,Perishables,Kerala,Thiruvananthapuram,Hypermarket,summer,132.28,3,183.0,359,52,3,207.08
2024-02-04,IN-SKU-10671,Staples,Maharashtra,Nagpur,Convenience Store,winter,581.52,5,210.0,181,163,8,185.73
2025-06-28,IN-SKU-10672,Staples,Telangana,Warangal,Supermarket,summer,219.72,35,60.0,387,90,7,159.78
2023-01-31,IN-SKU-10673,Staples,Telangana,Hyderabad,Convenience Store,winter,261.43,33,40.0,362,59,9,146.66
2023-05-09,IN-SKU-10674,FMCG,Karnataka,Mysuru,Convenience Store,summer,239.02,3,92.0,159,159,2,132.05
2023-02-25,IN-SKU-10675,Personal Care,Maharashtra,Mumbai,Online,winter,374.62,25,39.0,235,52,5,141.74
2024-08-10,IN-SKU-10676,Home Care,Karnataka,Mysuru,Online,monsoon,367.85,8,310.0,411,76,9,253.84
2025-10-23,IN-SKU-10677,Perishables,Karnataka,Mysuru,Supermarket,festival,267.53,3,143.0,325,54,7,200.89
2024-08-07,IN-SKU-10678,FMCG,Delhi NCR,Gurugram,Hypermarket,monsoon,320.06,0,122.0,46,178,3,180.35
2025-11-05,IN-SKU-10679,Perishables,Karnataka,Bengaluru,Convenience Store,festival,208.53,4,99.0,151,82,4,188.12
2024-12-17,IN-SKU-10680,Staples,Telangana,Warangal,Supermarket,winter,139.81,7,48.0,276,107,9,139.21
2024-03-10,IN-SKU-10681,Electronics,Tamil Nadu,Coimbatore,Convenience Store,summer,22658.78,13,236.0,163,71,4,66.84
2023-08-19,IN-SKU-10682,FMCG,Maharashtra,Pune,Supermarket,monsoon,421.57,18,226.0,244,45,3,233.41
2023-11-02,IN-SKU-10683,Personal Care,Delhi NCR,Noida,Hypermarket,festival,350.39,26,229.0,412,134,2,248.86
2025-05-10,IN-SKU-10684,Electronics,Kerala,Kozhikode,Convenience Store,summer,10473.69,17,131.0,192,179,10,75.91
2024-02-29,IN-SKU-10685,FMCG,Tamil Nadu,Coimbatore,Convenience Store,winter,333.58,27,98.0,269,140,3,182.7
2023-08-25,IN-SKU-10686,Staples,Maharashtra,Nagpur,Supermarket,monsoon,296.43,7,256.0,79,126,6,256.33
2023-02-26,IN-SKU-10687,Staples,Karnataka,Bengaluru,Supermarket,winter,134.03,20,223.0,178,97,9,225.02
2023-06-10,IN-SKU-10688,Home Care,Delhi NCR,Gurugram,Hypermarket,summer,481.12,1,94.0,82,82,10,137.87
2024-02-17,IN-SKU-10689,Staples,Telangana,Warangal,Supermarket,winter,386.85,17,63.0,223,121,2,168.58
2023-06-19,IN-SKU-10690,Staples,Telangana,Hyderabad,Online,summer,341.41,18,265.0,110,155,10,226.78
2024-11-13,IN-SKU-10691,Home Care,Kerala,Kozhikode,Convenience Store,festival,508.85,27,73.0,34,102,2,168.33
2024-07-07,IN-SKU-10692,Electronics,Maharashtra,Mumbai,Convenience Store,monsoon,11005.73,38,269.0,101,69,3,196.81
2023-11-20,IN-SKU-10693,Personal Care,Delhi NCR,Gurugram,Supermarket,festival,465.04,37,93.0,373,57,8,181.41
2024-05-08,IN-SKU-10694,Home Care,Tamil Nadu,Coimbatore,Supermarket,summer,616.72,18,31.0,31,67,6,122.91
2024-11-06,IN-SKU-10695,FMCG,Karnataka,Mysuru,Convenience Store,festival,122.22,1,216.0,319,70,7,247.77
2025-02-02,IN-SKU-10696,FMCG,Telangana,Warangal,Online,winter,267.7,15,171.0,407,73,9,199.78
2024-07-02,IN-SKU-10697,Electronics,Tamil Nadu,Coimbatore,Online,monsoon,4251.36,38,258.0,341,87,3,210.91
2024-04-21,IN-SKU-10698,Staples,Delhi NCR,Noida,Hypermarket,summer,142.91,8,236.0,55,158,5,269.54
2023-03-16,IN-SKU-10699,FMCG,Kerala,Kochi,Online,summer,430.09,29,65.0,296,63,9,150.62
2024-01-19,IN-SKU-10700,Personal Care,Tamil Nadu,Coimbatore,Supermarket,winter,377.95,20,279.0,63,82,8,237.05
2025-07-20,IN-SKU-10701,Perishables,Delhi NCR,Noida,Supermarket,monsoon,133.58,23,307.0,223,81,2,241.4
2025-08-08,IN-SKU-10702,Perishables,Kerala,Kochi,Supermarket,monsoon,205.59,17,281.0,382,179,6,254.19
2024-03-27,IN-SKU-10703,Electronics,Telangana,Warangal,Convenience Store,summer,14184.11,26,226.0,329,168,8,126.1
2024-03-05,IN-SKU-10704,Staples,Kerala,Kozhikode,Supermarket,summer,615.37,11,172.0,208,157,2,174.73
2025-10-05,IN-SKU-10705,Home Care,Karnataka,Bengaluru,Hypermarket,festival,369.83,5,81.0,241,96,4,152.73
2023-11-02,IN-SKU-10706,Personal Care,Maharashtra,Mumbai,Supermarket,festival,231.76,39,108.0,370,135,5,214.15
2024-07-16,IN-SKU-10707,Personal Care,Tamil Nadu,Chennai,Convenience Store,monsoon,205.59,35,283.0,130,115,3,250.6
2024-03-07,IN-SKU-10708,Personal Care,Telangana,Hyderabad,Supermarket,summer,,5,200.0,323,53,5,184.99
2023-01-24,IN-SKU-10709,FMCG,Karnataka,Mysuru,Supermarket,winter,36.0,33,177.0,97,65,2,254.48
2023-05-03,IN-SKU-10710,FMCG,Telangana,Hyderabad,Supermarket,summer,349.8,26,150.0,398,110,6,199.66
2023-04-16,IN-SKU-10711,Home Care,Kerala,Kochi,Convenience Store,summer,308.63,8,178.0,287,138,7,152.58
2025-09-28,IN-SKU-10712,Perishables,Maharashtra,Mumbai,Hypermarket,,55.48,4,143.0,196,124,10,184.4
2024-07-24,IN-SKU-10713,Staples,Karnataka,Mysuru,Supermarket,monsoon,561.87,15,192.0,217,145,4,227.67
2025-05-27,IN-SKU-10714,FMCG,Tamil Nadu,Coimbatore,Convenience Store,summer,229.49,9,225.0,324,94,2,201.34
2025-10-08,IN-SKU-10715,Personal Care,Kerala,Thiruvananthapuram,Convenience Store,festival,456.51,11,237.0,224,154,2,205.03
2023-06-24,IN-SKU-10716,Perishables,Tamil Nadu,Chennai,Hypermarket,summer,242.38,29,94.0,314,161,5,176.34
2025-05-25,IN-SKU-10717,Electronics,Kerala,Kochi,Convenience Store,summer,3796.0,24,33.0,336,167,2,112.78
2024-04-08,IN-SKU-10718,Staples,Kerala,Kozhikode,Online,summer,489.63,31,312.0,375,144,2,256.14
2024-05-18,IN-SKU-10719,Perishables,Maharashtra,Mumbai,Convenience Store,summer,240.78,40,68.0,359,88,7,167.87
2023-10-05,IN-SKU-10720,Staples,Kerala,Kochi,Online,festival,242.83,15,193.0,370,116,4,241.76
2025-09-12,IN-SKU-10721,Staples,Delhi NCR,Delhi,Convenience Store,monsoon,520.77,1,64.0,91,150,2,123.86
2023-01-15,IN-SKU-10722,Personal Care,Kerala,Thiruvananthapuram,Supermarket,winter,315.33,29,310.0,199,77,2,241.93
2023-04-21,IN-SKU-10723,Perishables,Kerala,Kochi,Supermarket,summer,153.36,40,45.0,129,84,4,170.13
2025-04-22,IN-SKU-10724,FMCG,Maharashtra,Pune,Supermarket,summer,278.63,18,171.0,317,170,2,185.18
2023-06-19,IN-SKU-10725,Perishables,Delhi NCR,Noida,Online,summer,29.24,21,187.0,308,50,2,253.75
2024-01-26,IN-SKU-10726,FMCG,Telangana,Hyderabad,Supermarket,winter,193.11,34,276.0,77,139,5,313.79
2023-05-22,IN-SKU-10727,FMCG,Kerala,Thiruvananthapuram,Online,summer,216.84,14,227.0,250,141,10,204.28
2025-04-04,IN-SKU-10728,Staples,Delhi NCR,Delhi,Convenience Store,summer,411.87,28,149.0,269,75,5,186.08
2024-03-30,IN-SKU-10729,Home Care,Delhi NCR,Delhi,Convenience Store,summer,582.05,39,73.0,211,91,4,135.91
2023-02-03,IN-SKU-10730,Staples,Delhi NCR,Noida,Supermarket,winter,464.25,35,150.0,341,86,5,191.63
2025-05-06,IN-SKU-10731,FMCG,Telangana,Warangal,Hypermarket,summer,42.23,10,54.0,128,179,9,171.53
2023-03-28,IN-SKU-10732,FMCG,Maharashtra,Pune,Supermarket,summer,39.19,35,234.0,122,100,6,283.32
2023-07-19,IN-SKU-10733,Staples,Delhi NCR,Noida,Online,monsoon,193.16,5,100.0,343,123,2,150.89
2023-01-16,IN-SKU-10734,Electronics,Kerala,Thiruvananthapuram,Convenience Store,winter,16595.44,0,80.0,299,95,5,23.05
2024-11-17,IN-SKU-10735,Home Care,Delhi NCR,Gurugram,Supermarket,festival,161.77,23,230.0,337,89,10,241.26
2025-02-15,IN-SKU-10736,Perishables,Tamil Nadu,Coimbatore,Convenience Store,winter,45.99,8,41.0,30,85,2,141.91
2025-03-24,IN-SKU-10737,Personal Care,Karnataka,Mysuru,Hypermarket,summer,497.57,40,133.0,259,62,10,216.08
2023-10-02,IN-SKU-10738,Electronics,Kerala,Thiruvananthapuram,Supermarket,festival,23886.16,13,96.0,306,142,10,53.9
2023-03-25,IN-SKU-10739,Perishables,Telangana,Warangal,Supermarket,summer,152.6,34,150.0,293,131,6,203.47
2025-12-27,IN-SKU-10740,Staples,Delhi NCR,Gurugram,Convenience Store,winter,582.07,1,198.0,349,50,6,165.19
2023-01-30,IN-SKU-10741,Staples,Delhi NCR,Noida,Hypermarket,winter,317.9,36,37.0,376,71,8,184.17
2023-01-28,IN-SKU-10742,FMCG,Telangana,Warangal,Convenience Store,winter,,14,90.0,269,85,10,176.19
2024-01-10,IN-SKU-10743,FMCG,Kerala,Kozhikode,Hypermarket,winter,286.48,20,67.0,81,65,5,160.72
2023-03-29,IN-SKU-10744,Home Care,Karnataka,Bengaluru,Convenience Store,summer,643.19,25,207.0,199,93,6,183.24
2024-03-05,IN-SKU-10745,Staples,Kerala,Kochi,Hypermarket,summer,65.92,5,102.0,320,64,4,168.31
2024-08-20,IN-SKU-10746,Home Care,Karnataka,Mysuru,Supermarket,monsoon,734.59,35,24.0,258,168,3,135.23
2023-11-14,IN-SKU-10747,FMCG,Karnataka,Bengaluru,Supermarket,festival,74.37,14,49.0,264,94,5,163.72
2023-05-04,IN-SKU-10748,Perishables,Tamil Nadu,Chennai,Convenience Store,summer,256.59,0,151.0,52,158,6,187.93
2023-11-08,IN-SKU-10749,FMCG,Kerala,Kozhikode,Convenience Store,festival,412.6,9,223.0,146,134,10,232.49
2024-01-30,IN-SKU-10750,Perishables,Kerala,Thiruvananthapuram,Hypermarket,winter,171.58,33,159.0,410,168,10,228.95
2025-06-29,IN-SKU-10751,Perishables,Kerala,Kochi,Convenience Store,summer,118.97,22,135.0,266,123,2,184.37
2023-04-04,IN-SKU-10752,Personal Care,Karnataka,Bengaluru,Convenience Store,summer,770.86,18,132.0,150,151,5,136.43
2023-06-07,IN-SKU-10753,Home Care,Karnataka,Bengaluru,Supermarket,summer,452.33,22,67.0,182,110,10,117.62
2025-07-15,IN-SKU-10754,Home Care,Kerala,Kochi,Hypermarket,monsoon,716.54,36,147.0,335,160,8,160.79
2023-03-28,IN-SKU-10755,Staples,Kerala,Kochi,Supermarket,summer,428.68,4,77.0,69,61,7,123.59
2025-12-12,IN-SKU-10756,FMCG,Delhi NCR,Delhi,Convenience Store,winter,266.71,20,24.0,364,132,8,159.47
2025-04-02,IN-SKU-10757,Perishables,Kerala,Thiruvananthapuram,Online,summer,124.19,25,68.0,42,80,10,166.37
2025-09-04,IN-SKU-10758,Electronics,Delhi NCR,Noida,Convenience Store,monsoon,9928.52,28,200.0,51,151,4,143.16
2024-09-29,IN-SKU-10759,Electronics,Telangana,Hyderabad,Hypermarket,monsoon,20047.41,39,142.0,75,89,6,84.65
2023-07-17,IN-SKU-10760,FMCG,Telangana,Warangal,Supermarket,monsoon,410.89,8,45.0,149,56,5,108.1
2023-11-07,IN-SKU-10761,Personal Care,Karnataka,Mysuru,Convenience Store,festival,632.01,1,190.0,195,88,5,165.09
2024-04-04,IN-SKU-10762,Perishables,Karnataka,Mysuru,Convenience Store,summer,48.27,1,38.0,280,163,10,118.67
2025-03-08,IN-SKU-10763,Staples,Delhi NCR,Noida,Supermarket,summer,413.21,39,208.0,268,82,5,222.03
2025-04-10,IN-SKU-10764,FMCG,Telangana,Hyderabad,Online,summer,40.75,6,200.0,398,115,9,208.45
2025-02-24,IN-SKU-10765,Staples,Tamil Nadu,Coimbatore,Convenience Store,winter,495.94,13,262.0,414,154,9,202.83
2023-09-17,IN-SKU-10766,Personal Care,Karnataka,Mysuru,Convenience Store,monsoon,804.03,27,124.0,281,51,10,150.22
2024-10-26,IN-SKU-10767,Staples,Tamil Nadu,Chennai,Hypermarket,festival,246.98,32,70.0,124,90,4,221.14
2023-02-23,IN-SKU-10768,Personal Care,Delhi NCR,Noida,Convenience Store,winter,645.37,9,213.0,302,51,8,171.89
2024-12-09,IN-SKU-10769,Personal Care,Maharashtra,Nagpur,Hypermarket,winter,520.78,11,198.0,173,174,4,183.44
2025-10-06,IN-SKU-10770,Electronics,Tamil Nadu,Coimbatore,Convenience Store,festival,27099.42,29,55.0,272,164,5,17.6
2023-10-18,IN-SKU-10771,Perishables,Telangana,Warangal,Online,festival,112.77,22,72.0,250,150,5,197.85
2025-10-18,IN-SKU-10772,FMCG,Karnataka,Bengaluru,Convenience Store,festival,270.45,22,252.0,164,165,8,279.83
2023-11-19,IN-SKU-10773,Home Care,Karnataka,Mysuru,Supermarket,festival,606.64,1,231.0,407,129,2,197.29
2024-02-29,IN-SKU-10774,Personal Care,Tamil Nadu,Coimbatore,Convenience Store,winter,105.82,12,21.0,43,122,2,123.31
2025-04-16,IN-SKU-10775,Home Care,Delhi NCR,Delhi,Online,summer,572.41,21,137.0,365,165,6,130.38
2023-04-08,IN-SKU-10776,Staples,Delhi NCR,Gurugram,Online,summer,319.95,24,263.0,41,61,9,248.91
2024-08-12,IN-SKU-10777,FMCG,Maharashtra,Nagpur,Convenience Store,monsoon,136.0,40,310.0,172,113,9,284.61
2023-02-08,IN-SKU-10778,Electronics,Karnataka,Mysuru,Supermarket,winter,13851.94,40,50.0,228,73,7,75.65
2024-12-30,IN-SKU-10779,FMCG,Karnataka,Mysuru,Supermarket,winter,122.12,36,57.0,86,116,6,169.78
2025-06-02,IN-SKU-10780,Electronics,Tamil Nadu,Chennai,Convenience Store,summer,6048.79,36,45.0,112,106,5,122.45
2023-06-18,IN-SKU-10781,Staples,Kerala,Kochi,Supermarket,summer,637.7,13,86.0,167,116,4,135.1
2023-03-23,IN-SKU-10782,FMCG,Kerala,Kochi,Convenience Store,summer,203.75,35,71.0,24,162,5,168.75
2024-02-25,IN-SKU-10783,Personal Care,Kerala,Kochi,Online,winter,418.69,33,232.0,286,57,2,222.9
2023-10-01,IN-SKU-10784,FMCG,Tamil Nadu,Chennai,Online,festival,82.97,18,306.0,343,147,4,343.37
2025-08-23,IN-SKU-10785,Home Care,Telangana,Warangal,Convenience Store,monsoon,,25,74.0,151,177,3,114.09
2024-08-10,IN-SKU-10786,Personal Care,Delhi NCR,Gurugram,Supermarket,monsoon,462.26,31,120.0,113,55,4,172.13
2025-06-04,IN-SKU-10787,FMCG,Telangana,Warangal,Supermarket,summer,53.58,23,212.0,247,177,10,231.58
2025-10-17,IN-SKU-10788,Personal Care,Delhi NCR,Gurugram,Hypermarket,festival,737.49,23,288.0,173,124,7,234.85
2023-11-18,IN-SKU-10789,FMCG,Karnataka,Mysuru,Online,festival,395.4,16,107.0,419,176,3,237.16
2025-07-13,IN-SKU-10790,Staples,Delhi NCR,Gurugram,Convenience Store,monsoon,123.93,12,146.0,143,48,10,171.6
2024-06-19,IN-SKU-10791,FMCG,Telangana,Hyderabad,Hypermarket,summer,330.85,29,249.0,57,99,4,296.85
2023-06-11,IN-SKU-10792,Personal Care,Kerala,Thiruvananthapuram,Convenience Store,summer,529.12,31,240.0,419,48,2,218.12
2023-06-06,IN-SKU-10793,Electronics,Tamil Nadu,Chennai,Supermarket,summer,5175.32,35,195.0,199,92,10,167.93
2023-01-24,IN-SKU-10794,Personal Care,Delhi NCR,Delhi,Supermarket,winter,509.02,17,26.0,221,69,6,128.3
2023-07-26,IN-SKU-10795,FMCG,Karnataka,Mysuru,Supermarket,monsoon,438.82,14,296.0,150,124,10,234.62
2024-02-27,IN-SKU-10796,FMCG,Tamil Nadu,Chennai,Hypermarket,winter,143.14,14,117.0,85,85,7,184.21
2024-06-05,IN-SKU-10797,Staples,Telangana,Warangal,Convenience Store,summer,623.37,22,59.0,373,99,7,122.97
2023-04-10,IN-SKU-10798,FMCG,Kerala,Thiruvananthapuram,Online,summer,286.7,14,140.0,237,127,10,174.2
2024-01-24,IN-SKU-10799,Home Care,Karnataka,Mysuru,Convenience Store,winter,482.96,21,264.0,47,162,6,221.23
2025-10-12,IN-SKU-10800,FMCG,Telangana,Hyderabad,Supermarket,festival,252.37,8,60.0,283,114,9,182.05
2023-09-17,IN-SKU-10801,Electronics,Telangana,Warangal,Supermarket,monsoon,6723.45,7,79.0,169,132,8,75.6
2025-11-12,IN-SKU-10802,Staples,Kerala,Thiruvananthapuram,Online,festival,389.27,25,106.0,301,107,2,231.62
2025-02-07,IN-SKU-10803,FMCG,Delhi NCR,Delhi,Convenience Store,winter,284.39,36,180.0,225,114,7,198.18
2025-01-03,IN-SKU-10804,Staples,Karnataka,Mysuru,Online,winter,475.6,2,35.0,373,146,5,129.27
2023-08-18,IN-SKU-10805,FMCG,Maharashtra,Nagpur,Supermarket,monsoon,296.0,23,293.0,163,136,5,258.75
2024-01-14,IN-SKU-10806,Personal Care,Maharashtra,Nagpur,Convenience Store,winter,389.63,9,217.0,264,117,5,200.57
2023-02-24,IN-SKU-10807,FMCG,Maharashtra,Nagpur,Online,,414.12,6,259.0,66,171,5,263.14
2023-07-24,IN-SKU-10808,Home Care,Kerala,Kochi,Supermarket,monsoon,,10,315.0,294,131,7,227.74
2024-03-13,IN-SKU-10809,Personal Care,Karnataka,Bengaluru,Online,summer,460.79,18,179.0,200,153,5,175.17
2025-04-26,IN-SKU-10810,Perishables,Maharashtra,Mumbai,Supermarket,summer,124.65,16,205.0,144,88,8,269.74
2023-01-28,IN-SKU-10811,Perishables,Delhi NCR,Delhi,Supermarket,winter,29.58,18,137.0,392,175,6,214.22
2023-07-02,IN-SKU-10812,Perishables,Delhi NCR,Gurugram,Hypermarket,monsoon,75.0,17,285.0,164,103,2,252.33
2025-10-17,IN-SKU-10813,Staples,Delhi NCR,Delhi,Supermarket,festival,590.66,26,184.0,134,112,3,267.16
2024-01-29,IN-SKU-10814,Perishables,Telangana,Warangal,Hypermarket,winter,88.72,22,59.0,34,56,4,197.06
2025-02-03,IN-SKU-10815,Perishables,Karnataka,Bengaluru,Convenience Store,winter,56.73,20,102.0,282,89,2,186.0
2025-02-20,IN-SKU-10816,FMCG,Delhi NCR,Gurugram,Supermarket,winter,105.32,33,255.0,385,104,9,287.14
2023-02-18,IN-SKU-10817,Home Care,Delhi NCR,Noida,Hypermarket,winter,177.75,21,43.0,402,174,2,150.49
2024-08-19,IN-SKU-10818,Electronics,Kerala,Thiruvananthapuram,Supermarket,monsoon,3906.33,15,256.0,239,101,4,180.13
2024-07-01,IN-SKU-10819,FMCG,Telangana,Warangal,Supermarket,monsoon,341.4,10,276.0,379,174,9,221.08
2024-10-23,IN-SKU-10820,Staples,Delhi NCR,Delhi,Supermarket,festival,239.39,31,174.0,236,74,8,238.35
2025-03-31,IN-SKU-10821,FMCG,Karnataka,Mysuru,Convenience Store,summer,340.96,24,48.0,257,66,8,159.66
2024-05-03,IN-SKU-10822,Staples,Telangana,Hyderabad,Supermarket,summer,108.9,35,79.0,133,62,6,163.38
2024-06-20,IN-SKU-10823,FMCG,Telangana,Warangal,Convenience Store,summer,420.51,40,269.0,279,122,10,259.02
2025-08-22,IN-SKU-10824,FMCG,Maharashtra,Pune,Hypermarket,monsoon,127.85,17,294.0,372,97,5,286.88
2025-03-14,IN-SKU-10825,Personal Care,Maharashtra,Nagpur,Convenience Store,summer,370.32,1,161.0,215,90,7,160.2
2023-10-21,IN-SKU-10826,Electronics,Kerala,Kochi,Hypermarket,festival,20647.33,24,262.0,65,159,7,157.13
2023-07-09,IN-SKU-10827,Electronics,Karnataka,Mysuru,Online,monsoon,745.23,1,83.0,92,46,8,138.97
2024-01-07,IN-SKU-10828,Perishables,Telangana,Warangal,Hypermarket,winter,120.7,33,176.0,212,50,6,235.39
2024-02-06,IN-SKU-10829,Electronics,Delhi NCR,Gurugram,Hypermarket,winter,21677.15,20,108.0,336,52,5,35.68
2024-05-28,IN-SKU-10830,Electronics,Maharashtra,Mumbai,Online,summer,21497.0,0,52.0,379,47,2,8.0
2025-03-02,IN-SKU-10831,FMCG,Karnataka,Mysuru,Hypermarket,summer,338.94,27,76.0,197,94,7,141.96
2024-02-02,IN-SKU-10832,Personal Care,Delhi NCR,Noida,Convenience Store,winter,566.68,34,183.0,43,86,8,219.9
2025-05-03,IN-SKU-10833,Personal Care,Karnataka,Bengaluru,Hypermarket,summer,76.54,35,37.0,160,118,9,151.87
2023-11-17,IN-SKU-10834,Home Care,Telangana,Hyderabad,Convenience Store,festival,336.57,9,71.0,64,139,10,141.38
2025-01-31,IN-SKU-10835,Electronics,Maharashtra,Mumbai,Hypermarket,winter,23149.33,13,58.0,127,72,2,8.0
2023-08-20,IN-SKU-10836,Staples,Karnataka,Bengaluru,Supermarket,monsoon,366.83,40,36.0,64,83,4,147.93
2024-09-15,IN-SKU-10837,FMCG,Tamil Nadu,Coimbatore,Convenience Store,monsoon,416.61,12,109.0,148,118,2,148.22
2025-08-24,IN-SKU-10838,FMCG,Delhi NCR,Delhi,Hypermarket,monsoon,157.74,12,285.0,34,171,10,272.86
2024-03-19,IN-SKU-10839,Electronics,Delhi NCR,Delhi,Supermarket,summer,10476.26,26,22.0,412,169,2,56.41
2025-02-22,IN-SKU-10840,Perishables,Maharashtra,Nagpur,Online,winter,61.73,15,257.0,241,100,10,262.03
2024-10-19,IN-SKU-10841,Staples,Delhi NCR,Noida,Hypermarket,festival,592.97,25,266.0,344,47,10,305.41
2024-12-29,IN-SKU-10842,Perishables,Telangana,Warangal,Convenience Store,winter,279.52,28,315.0,225,49,2,276.13
2023-01-19,IN-SKU-10843,FMCG,Delhi NCR,Noida,Supermarket,winter,407.07,31,250.0,316,53,5,250.15
2023-10-30,IN-SKU-10844,Perishables,Kerala,Kozhikode,Convenience Store,festival,208.81,33,273.0,147,119,10,300.59
2025-01-12,IN-SKU-10845,FMCG,Maharashtra,Nagpur,Online,winter,409.29,17,34.0,355,96,10,156.25
2025-10-25,IN-SKU-10846,FMCG,Delhi NCR,Gurugram,Supermarket,festival,241.22,23,304.0,249,119,9,320.31
2025-03-03,IN-SKU-10847,Personal Care,Delhi NCR,Delhi,Convenience Store,summer,273.26,13,39.0,174,91,6,100.1
2025-01-28,IN-SKU-10848,Staples,Tamil Nadu,Coimbatore,Supermarket,winter,174.62,9,248.0,337,72,3,236.01
2024-04-24,IN-SKU-10849,Electronics,Karnataka,Mysuru,Convenience Store,summer,26227.78,17,63.0,200,126,6,8.0
2024-04-07,IN-SKU-10850,Electronics,Karnataka,Mysuru,Supermarket,summer,26231.79,20,140.0,207,92,7,13.14
2024-09-06,IN-SKU-10851,Electronics,Delhi NCR,Delhi,Online,monsoon,18969.03,37,155.0,360,115,7,65.7
2025-03-26,IN-SKU-10852,Perishables,Kerala,Thiruvananthapuram,Hypermarket,summer,28.25,27,147.0,183,113,2,190.72
2023-11-25,IN-SKU-10853,Home Care,Karnataka,Bengaluru,Supermarket,festival,467.02,13,,231,50,10,143.85
2023-02-04,IN-SKU-10854,FMCG,Kerala,Kozhikode,Hypermarket,winter,189.81,20,219.0,193,46,5,232.07
2023-10-15,IN-SKU-10855,FMCG,Telangana,Hyderabad,Hypermarket,festival,379.82,11,250.0,195,106,8,306.11
2023-10-09,IN-SKU-10856,Home Care,Maharashtra,Pune,Hypermarket,festival,158.98,16,99.0,260,169,5,175.56
2025-07-23,IN-SKU-10857,Perishables,Kerala,Kochi,Online,monsoon,123.14,13,241.0,196,45,6,219.97
2024-08-19,IN-SKU-10858,Home Care,Karnataka,Mysuru,Online,monsoon,607.14,18,194.0,236,45,8,186.47
2024-09-16,IN-SKU-10859,Perishables,Tamil Nadu,Chennai,Online,monsoon,240.67,35,147.0,383,51,10,197.12
2023-11-14,IN-SKU-10860,Perishables,Kerala,Thiruvananthapuram,Online,festival,86.22,23,104.0,273,109,8,219.89
2023-05-15,IN-SKU-10861,Personal Care,Kerala,Kochi,Supermarket,summer,137.81,40,46.0,401,136,9,143.37
2024-05-06,IN-SKU-10862,FMCG,Telangana,Hyderabad,Convenience Store,summer,351.78,35,108.0,221,101,3,173.84
2025-07-28,IN-SKU-10863,Home Care,Delhi NCR,Gurugram,Hypermarket,monsoon,240.16,28,233.0,220,47,5,231.76
2025-08-01,IN-SKU-10864,Perishables,Karnataka,Bengaluru,Online,monsoon,118.68,30,101.0,98,175,2,174.9
2025-02-02,IN-SKU-10865,Personal Care,Kerala,Kochi,Convenience Store,winter,345.12,9,303.0,32,176,4,250.87
2025-01-23,IN-SKU-10866,Staples,Tamil Nadu,Coimbatore,Supermarket,winter,380.22,10,217.0,409,94,5,204.33
2024-11-11,IN-SKU-10867,Perishables,Karnataka,Mysuru,Online,festival,73.78,13,257.0,78,104,10,291.25
2023-06-23,IN-SKU-10868,FMCG,Delhi NCR,Gurugram,Convenience Store,summer,285.5,28,121.0,124,79,5,145.51
2023-12-07,IN-SKU-10869,Perishables,Telangana,Warangal,Supermarket,winter,175.97,35,52.0,130,45,8,180.39
2024-05-12,IN-SKU-10870,Staples,Telangana,Hyderabad,Online,summer,396.65,28,165.0,124,50,10,217.95
2023-11-16,IN-SKU-10871,Home Care,Telangana,Warangal,Convenience Store,festival,106.08,34,58.0,219,166,8,152.88
2023-12-07,IN-SKU-10872,Staples,Maharashtra,Nagpur,Convenience Store,winter,65.22,7,32.0,124,179,10,125.78
2025-11-11,IN-SKU-10873,Home Care,Maharashtra,Mumbai,Online,festival,715.43,26,102.0,31,106,3,189.91
2023-04-06,IN-SKU-10874,Perishables,Maharashtra,Pune,Supermarket,summer,203.59,14,217.0,234,55,6,201.49
2025-02-03,IN-SKU-10875,Personal Care,Maharashtra,Nagpur,Convenience Store,winter,122.2,15,307.0,142,161,8,264.83
2025-05-22,IN-SKU-10876,Electronics,Delhi NCR,Gurugram,Supermarket,summer,17574.45,27,268.0,223,47,10,113.69
2023-06-18,IN-SKU-10877,Home Care,Maharashtra,Nagpur,Online,summer,736.86,16,285.0,40,117,8,222.57
2024-09-19,IN-SKU-10878,Home Care,Karnataka,Mysuru,Convenience Store,monsoon,646.51,16,78.0,93,83,2,112.04
2023-08-26,IN-SKU-10879,Staples,Tamil Nadu,Coimbatore,Supermarket,monsoon,148.24,12,206.0,142,51,4,213.15
2023-02-17,IN-SKU-10880,FMCG,Telangana,Hyderabad,Hypermarket,winter,320.47,25,174.0,258,113,3,220.26
2023-01-13,IN-SKU-10881,Electronics,Kerala,Kozhikode,Convenience Store,winter,17441.42,11,286.0,43,49,4,124.06
2024-02-17,IN-SKU-10882,FMCG,Kerala,Thiruvananthapuram,Online,winter,93.89,10,97.0,296,83,4,164.24
2023-06-06,IN-SKU-10883,Home Care,Tamil Nadu,Coimbatore,Supermarket,summer,108.7,20,211.0,80,73,5,205.04
2023-09-29,IN-SKU-10884,Home Care,Tamil Nadu,Coimbatore,Online,monsoon,685.07,36,153.0,179,137,5,177.21
2024-03-13,IN-SKU-10885,FMCG,Delhi NCR,Gurugram,Online,summer,428.06,31,219.0,362,109,9,224.13
2023-10-20,IN-SKU-10886,FMCG,Maharashtra,Pune,Supermarket,festival,91.16,35,163.0,112,71,6,268.59
2023-02-12,IN-SKU-10887,FMCG,Delhi NCR,Noida,Convenience Store,winter,326.49,11,183.0,346,74,5,159.97
2023-12-06,IN-SKU-10888,Personal Care,Delhi NCR,Gurugram,Hypermarket,winter,61.9,29,92.0,325,114,7,170.29
2024-09-24,IN-SKU-10889,Perishables,Karnataka,Mysuru,Online,monsoon,127.43,8,93.0,214,151,5,158.1
2024-01-01,IN-SKU-10890,Personal Care,Delhi NCR,Noida,Hypermarket,winter,534.29,24,115.0,20,106,9,185.28
2023-02-19,IN-SKU-10891,Home Care,Kerala,Kozhikode,Supermarket,winter,355.12,3,272.0,203,164,7,224.83
2025-01-16,IN-SKU-10892,Staples,Tamil Nadu,Chennai,Convenience Store,winter,282.9,40,245.0,383,173,5,240.54
2023-01-12,IN-SKU-10893,Perishables,Karnataka,Bengaluru,Convenience Store,winter,249.31,23,213.0,113,66,2,230.29
2024-04-27,IN-SKU-10894,FMCG,Delhi NCR,Gurugram,Hypermarket,summer,87.13,6,314.0,189,48,4,258.53
2024-02-10,IN-SKU-10895,Staples,Kerala,Kozhikode,Supermarket,winter,191.73,40,313.0,415,130,6,265.48
2023-12-07,IN-SKU-10896,FMCG,Maharashtra,Pune,Convenience Store,winter,424.92,23,71.0,205,122,3,133.32
2025-03-21,IN-SKU-10897,Electronics,Maharashtra,Mumbai,Supermarket,summer,24142.78,10,43.0,231,157,6,8.0
2025-05-13,IN-SKU-10898,Home Care,Telangana,Warangal,Convenience Store,summer,548.45,7,27.0,123,147,6,74.68
2024-02-01,IN-SKU-10899,Perishables,Karnataka,Mysuru,Online,winter,209.22,12,58.0,395,144,10,137.28
2023-09-18,IN-SKU-10900,Perishables,Kerala,Thiruvananthapuram,Convenience Store,monsoon,204.73,29,78.0,397,171,9,158.43
2025-05-03,IN-SKU-10901,Staples,Tamil Nadu,Chennai,Convenience Store,summer,591.21,24,260.0,349,70,2,229.28
2023-11-29,IN-SKU-10902,Home Care,Karnataka,Bengaluru,Supermarket,festival,269.34,1,97.0,133,91,4,133.65
2024-12-02,IN-SKU-10903,FMCG,Karnataka,Mysuru,Online,winter,73.48,10,173.0,228,74,7,205.8
2023-09-05,IN-SKU-10904,Home Care,Karnataka,Bengaluru,Supermarket,monsoon,241.59,39,123.0,176,137,4,171.4
2023-12-03,IN-SKU-10905,Personal Care,Telangana,Warangal,Convenience Store,winter,879.94,15,80.0,177,66,10,109.04
2023-09-14,IN-SKU-10906,FMCG,Karnataka,Bengaluru,Online,monsoon,294.58,22,191.0,235,145,4,211.62
2025-11-19,IN-SKU-10907,FMCG,Tamil Nadu,Coimbatore,Hypermarket,festival,420.37,20,132.0,185,135,10,228.08
2023-07-27,IN-SKU-10908,FMCG,Tamil Nadu,Coimbatore,Online,monsoon,410.13,34,175.0,269,142,3,224.47
2025-10-27,IN-SKU-10909,Electronics,Telangana,Hyderabad,Supermarket,festival,16871.51,0,110.0,168,179,10,38.16
2025-07-13,IN-SKU-10910,Staples,Karnataka,Bengaluru,Online,monsoon,449.02,39,202.0,114,76,9,239.07
2023-06-29,IN-SKU-10911,Home Care,Karnataka,Bengaluru,Supermarket,summer,605.02,16,118.0,388,59,5,144.56
2025-06-02,IN-SKU-10912,Electronics,Tamil Nadu,Chennai,Convenience Store,summer,6964.04,6,82.0,389,127,6,82.46
2023-01-09,IN-SKU-10913,Staples,Maharashtra,Nagpur,Convenience Store,winter,270.59,37,37.0,403,49,10,152.7
2023-01-31,IN-SKU-10914,FMCG,Delhi NCR,Gurugram,Supermarket,winter,197.38,6,35.0,177,115,2,123.49
2024-10-28,IN-SKU-10915,FMCG,Delhi NCR,Delhi,Convenience Store,festival,138.54,28,247.0,246,46,7,304.39
2025-04-02,IN-SKU-10916,Personal Care,Tamil Nadu,Chennai,Online,summer,844.65,38,78.0,312,134,10,125.29
2024-02-28,IN-SKU-10917,Personal Care,Maharashtra,Mumbai,Supermarket,winter,372.04,39,146.0,319,160,9,196.47
2024-07-25,IN-SKU-10918,Perishables,Kerala,Kochi,Hypermarket,monsoon,47.48,24,70.0,180,64,7,180.06
2025-03-16,IN-SKU-10919,Electronics,Telangana,Warangal,Hypermarket,summer,885.35,30,226.0,186,152,6,218.3
2025-10-24,IN-SKU-10920,Personal Care,Maharashtra,Mumbai,Hypermarket,festival,244.11,14,159.0,320,147,7,216.59
2024-04-04,IN-SKU-10921,Electronics,Tamil Nadu,Coimbatore,Online,summer,9297.02,15,29.0,143,67,4,51.76
2024-01-30,IN-SKU-10922,Perishables,Delhi NCR,Delhi,Hypermarket,winter,29.5,35,183.0,45,170,2,298.01
2025-04-09,IN-SKU-10923,Staples,Telangana,Warangal,Convenience Store,summer,332.77,28,77.0,275,57,4,135.19
2023-07-08,IN-SKU-10924,Home Care,Telangana,Hyderabad,Supermarket,monsoon,348.18,28,240.0,85,109,5,226.99
2025-10-08,IN-SKU-10925,Staples,Kerala,Thiruvananthapuram,Convenience Store,festival,130.23,34,26.0,40,46,3,188.53
2025-03-10,IN-SKU-10926,Staples,Tamil Nadu,Coimbatore,Convenience Store,summer,453.17,8,54.0,378,101,9,113.84
2025-02-08,IN-SKU-10927,Perishables,Delhi NCR,Gurugram,Hypermarket,winter,275.16,19,55.0,322,86,9,148.29
2023-12-31,IN-SKU-10928,FMCG,Kerala,Thiruvananthapuram,Hypermarket,winter,298.81,22,192.0,309,74,6,223.69
2024-03-01,IN-SKU-10929,Staples,Kerala,Thiruvananthapuram,Supermarket,summer,234.14,20,71.0,174,90,7,178.05
2024-09-11,IN-SKU-10930,Personal Care,Kerala,Thiruvananthapuram,Hypermarket,monsoon,436.08,23,230.0,44,101,2,213.21
2025-02-28,IN-SKU-10931,Home Care,Tamil Nadu,Coimbatore,Hypermarket,winter,193.53,40,196.0,353,115,8,256.67
2023-11-23,IN-SKU-10932,Electronics,Telangana,Hyderabad,Convenience Store,festival,19405.32,29,170.0,274,93,3,83.58
2023-11-18,IN-SKU-10933,Home Care,Tamil Nadu,Coimbatore,Supermarket,festival,142.67,38,104.0,357,47,4,189.86
2023-06-11,IN-SKU-10934,Home Care,Kerala,Kochi,Supermarket,summer,725.94,22,197.0,23,68,7,178.12
2024-05-04,IN-SKU-10935,Home Care,Karnataka,Mysuru,Hypermarket,summer,615.07,31,301.0,88,70,5,241.8
2023-01-11,IN-SKU-10936,Home Care,Telangana,Hyderabad,Supermarket,winter,370.73,16,224.0,64,84,7,193.42
2024-10-12,IN-SKU-10937,Electronics,Maharashtra,Nagpur,Supermarket,festival,2809.0,6,305.0,377,85,4,277.73
2023-02-07,IN-SKU-10938,Personal Care,Delhi NCR,Gurugram,Online,winter,608.73,26,171.0,175,47,7,192.36
2025-04-09,IN-SKU-10939,Home Care,Kerala,Kochi,Hypermarket,summer,97.13,18,104.0,112,97,3,177.58
2023-03-07,IN-SKU-10940,FMCG,Telangana,Warangal,Supermarket,summer,378.19,33,185.0,329,95,9,222.41
2025-04-23,IN-SKU-10941,Personal Care,Maharashtra,Mumbai,Supermarket,summer,842.63,32,141.0,375,45,10,166.81
2023-01-14,IN-SKU-10942,Staples,Maharashtra,Mumbai,Supermarket,winter,56.06,37,253.0,84,152,9,276.04
2024-01-10,IN-SKU-10943,Perishables,Telangana,Hyderabad,Online,winter,243.64,23,106.0,231,83,4,171.71
2024-09-19,IN-SKU-10944,Electronics,Kerala,Kochi,Supermarket,monsoon,15705.78,23,51.0,266,109,2,35.85
2024-06-22,IN-SKU-10945,Home Care,Kerala,Thiruvananthapuram,Online,summer,545.56,5,244.0,125,143,10,194.98
2025-09-27,IN-SKU-10946,Personal Care,Telangana,Warangal,Supermarket,monsoon,153.56,38,304.0,64,145,4,290.77
2024-09-18,IN-SKU-10947,Electronics,Maharashtra,Mumbai,Hypermarket,monsoon,14442.74,12,243.0,240,167,9,144.07
2024-01-03,IN-SKU-10948,Home Care,Karnataka,Bengaluru,Convenience Store,winter,610.49,26,63.0,291,92,9,119.45
2025-09-24,IN-SKU-10949,Perishables,Delhi NCR,Noida,Online,monsoon,84.23,12,144.0,167,107,6,190.66
2025-06-26,IN-SKU-10950,Personal Care,Tamil Nadu,Chennai,Online,summer,734.11,32,140.0,400,104,6,166.17
2024-11-26,IN-SKU-10951,FMCG,Telangana,Hyderabad,Convenience Store,festival,185.06,25,180.0,20,85,4,244.27
2024-06-12,IN-SKU-10952,Staples,Maharashtra,Mumbai,Convenience Store,summer,362.36,17,33.0,368,96,7,142.09
2023-12-15,IN-SKU-10953,Personal Care,Tamil Nadu,Coimbatore,Hypermarket,winter,404.82,27,180.0,40,147,9,205.87
2024-05-21,IN-SKU-10954,FMCG,Karnataka,Mysuru,Convenience Store,summer,143.02,17,68.0,81,78,9,154.35
2025-08-01,IN-SKU-10955,Personal Care,Maharashtra,Pune,Convenience Store,monsoon,636.24,4,73.0,310,162,9,100.64
2023-05-23,IN-SKU-10956,Perishables,Telangana,Warangal,Supermarket,summer,98.61,27,291.0,184,79,7,281.33
2024-01-01,IN-SKU-10957,Personal Care,Karnataka,Bengaluru,Supermarket,winter,462.15,0,98.0,176,145,7,128.66
2023-05-23,IN-SKU-10958,FMCG,Telangana,Warangal,Supermarket,summer,168.39,40,133.0,293,130,10,224.26
2023-01-15,IN-SKU-10959,Electronics,Karnataka,Bengaluru,Online,winter,3923.07,13,123.0,103,85,3,130.68
2023-02-11,IN-SKU-10960,Perishables,Karnataka,Mysuru,Supermarket,winter,277.95,17,297.0,50,160,5,281.59
2024-06-25,IN-SKU-10961,Electronics,Tamil Nadu,Chennai,Supermarket,summer,10211.5,24,315.0,92,106,7,199.09
2023-02-08,IN-SKU-10962,Home Care,Tamil Nadu,Chennai,Convenience Store,winter,170.97,27,202.0,330,128,5,192.83
2025-03-17,IN-SKU-10963,Perishables,Maharashtra,Pune,Supermarket,summer,234.56,32,171.0,150,121,9,215.28
2023-04-26,IN-SKU-10964,FMCG,Tamil Nadu,Coimbatore,Hypermarket,summer,103.6,20,53.0,130,102,4,176.05
2025-02-05,IN-SKU-10965,Staples,Kerala,Thiruvananthapuram,Supermarket,winter,68.51,19,30.0,160,68,7,143.03
2024-02-29,IN-SKU-10966,FMCG,Tamil Nadu,Chennai,Supermarket,winter,115.94,29,36.0,232,57,7,165.77
2023-11-15,IN-SKU-10967,Home Care,Kerala,Kozhikode,Hypermarket,festival,699.99,29,317.0,163,136,9,260.05
2023-05-02,IN-SKU-10968,Perishables,Telangana,Hyderabad,Hypermarket,summer,218.43,21,102.0,234,146,2,189.41
2025-05-10,IN-SKU-10969,Personal Care,Karnataka,Bengaluru,Supermarket,summer,668.56,0,190.0,180,143,9,150.7
2023-01-04,IN-SKU-10970,Personal Care,Tamil Nadu,Coimbatore,Hypermarket,winter,722.78,22,268.0,74,89,3,232.39
2024-06-22,IN-SKU-10971,FMCG,Maharashtra,Mumbai,Convenience Store,summer,77.17,16,100.0,286,65,9,161.67
2023-04-30,IN-SKU-10972,Staples,Tamil Nadu,Coimbatore,Supermarket,summer,107.26,40,310.0,291,120,4,283.33
2023-03-15,IN-SKU-10973,Home Care,Telangana,Warangal,Online,summer,239.01,18,198.0,82,99,4,202.77
2024-06-08,IN-SKU-10974,Personal Care,Tamil Nadu,Chennai,Convenience Store,summer,335.88,9,265.0,374,153,9,217.44
2024-08-31,IN-SKU-10975,Personal Care,Tamil Nadu,Coimbatore,Hypermarket,monsoon,564.22,22,60.0,183,85,4,126.24
2025-03-20,IN-SKU-10976,Home Care,Maharashtra,Nagpur,Hypermarket,summer,95.84,8,256.0,383,80,2,243.83
2024-02-25,IN-SKU-10977,Electronics,Delhi NCR,Gurugram,Online,winter,9217.08,24,279.0,336,119,6,188.93
2023-03-05,IN-SKU-10978,Personal Care,Kerala,Kochi,Convenience Store,summer,798.98,16,282.0,308,51,7,204.57
2025-03-04,IN-SKU-10979,Staples,Delhi NCR,Delhi,Supermarket,summer,388.64,2,137.0,52,91,9,186.46
2025-10-25,IN-SKU-10980,FMCG,Telangana,Warangal,Supermarket,festival,96.16,28,199.0,331,89,10,296.55
2023-09-01,IN-SKU-10981,Electronics,Karnataka,Mysuru,Hypermarket,monsoon,4750.92,32,60.0,258,143,4,121.55
2023-11-22,IN-SKU-10982,Perishables,Delhi NCR,Delhi,Supermarket,festival,75.62,39,136.0,361,175,9,253.95
2024-07-08,IN-SKU-10983,Perishables,Kerala,Thiruvananthapuram,Hypermarket,monsoon,188.57,3,184.0,369,67,8,179.85
2024-02-29,IN-SKU-10984,Home Care,Maharashtra,Nagpur,Convenience Store,winter,195.24,12,167.0,308,64,5,176.27
2023-05-12,IN-SKU-10985,FMCG,Maharashtra,Mumbai,Supermarket,summer,283.38,20,253.0,34,116,9,278.57
2025-02-10,IN-SKU-10986,Perishables,Tamil Nadu,Chennai,Supermarket,winter,82.11,10,110.0,147,173,7,179.39
2024-04-04,IN-SKU-10987,Perishables,Delhi NCR,Delhi,Online,summer,,32,142.0,345,55,10,199.68
2025-07-20,IN-SKU-10988,Personal Care,Kerala,Kochi,Hypermarket,monsoon,422.3,20,99.0,234,140,10,139.02
2025-09-14,IN-SKU-10989,Home Care,Tamil Nadu,Chennai,Supermarket,monsoon,310.81,16,152.0,207,128,8,184.88
2025-06-23,IN-SKU-10990,Personal Care,Kerala,Kozhikode,Supermarket,summer,178.73,14,308.0,343,129,6,237.42
2025-08-02,IN-SKU-10991,Electronics,Maharashtra,Pune,Supermarket,monsoon,3855.02,17,40.0,326,80,4,89.11
2025-10-31,IN-SKU-10992,Staples,Maharashtra,Nagpur,Supermarket,festival,223.55,29,170.0,151,109,2,260.89
2025-03-03,IN-SKU-10993,Personal Care,Kerala,Kochi,Supermarket,summer,579.52,27,93.0,170,177,5,139.02
2024-12-11,IN-SKU-10994,Staples,Kerala,Kochi,Supermarket,winter,597.32,6,180.0,366,109,8,190.35
2025-07-16,IN-SKU-10995,FMCG,Maharashtra,Mumbai,Supermarket,monsoon,416.33,12,235.0,270,84,8,231.4
2023-12-22,IN-SKU-10996,Personal Care,Karnataka,Mysuru,Convenience Store,winter,296.02,33,313.0,32,54,10,264.73
2025-09-28,IN-SKU-10997,Perishables,Telangana,Warangal,Hypermarket,monsoon,262.68,5,270.0,205,84,3,219.09
2025-03-07,IN-SKU-10998,Staples,Delhi NCR,Delhi,Supermarket,summer,50.37,10,231.0,67,155,9,244.75
2024-12-20,IN-SKU-10999,Personal Care,Maharashtra,Nagpur,Online,winter,311.35,18,312.0,357,65,3,256.35
2024-11-13,IN-SKU-11000,Perishables,Tamil Nadu,Coimbatore,Online,festival,256.24,33,165.0,309,156,5,244.48
2023-02-02,IN-SKU-11001,FMCG,Tamil Nadu,Coimbatore,Supermarket,winter,415.81,0,139.0,375,57,6,150.62
2024-08-29,IN-SKU-11002,Perishables,Delhi NCR,Delhi,Supermarket,monsoon,48.84,22,61.0,165,140,3,139.55
2023-01-05,IN-SKU-11003,Perishables,Maharashtra,Pune,Online,winter,122.18,10,46.0,252,97,6,168.41
2023-10-30,IN-SKU-11004,Personal Care,Delhi NCR,Gurugram,Online,festival,87.96,38,270.0,362,169,5,276.38
2023-07-18,IN-SKU-11005,Personal Care,Tamil Nadu,Chennai,Hypermarket,monsoon,560.79,7,222.0,158,64,8,195.19
2025-01-13,IN-SKU-11006,Home Care,Karnataka,Bengaluru,Supermarket,winter,628.41,27,226.0,32,146,5,244.49
2024-09-24,IN-SKU-11007,FMCG,Kerala,Kozhikode,Supermarket,monsoon,73.63,4,99.0,347,125,6,141.04
2025-10-10,IN-SKU-11008,FMCG,Karnataka,Bengaluru,Supermarket,festival,127.35,22,199.0,204,155,9,267.58
2023-10-23,IN-SKU-11009,Staples,Delhi NCR,Gurugram,Hypermarket,festival,478.57,12,239.0,311,171,7,285.79
2023-12-10,IN-SKU-11010,Electronics,Tamil Nadu,Coimbatore,Hypermarket,winter,14261.19,15,162.0,193,53,9,106.51
2023-06-05,IN-SKU-11011,Home Care,Karnataka,Mysuru,Convenience Store,summer,723.21,25,281.0,159,177,9,238.63
2025-01-31,IN-SKU-11012,Perishables,Telangana,Hyderabad,Convenience Store,winter,44.35,25,240.0,187,48,2,254.5
2024-03-26,IN-SKU-11013,Personal Care,Tamil Nadu,Chennai,Supermarket,summer,182.49,20,150.0,397,49,7,164.98
2024-08-20,IN-SKU-11014,Perishables,Maharashtra,Nagpur,Hypermarket,monsoon,115.62,29,53.0,158,61,3,161.11
2023-07-31,IN-SKU-11015,Electronics,Delhi NCR,Noida,Hypermarket,monsoon,,19,89.0,183,73,4,144.51
2023-01-10,IN-SKU-11016,Staples,Tamil Nadu,Coimbatore,Hypermarket,winter,415.38,23,57.0,85,167,5,165.5
2024-02-16,IN-SKU-11017,FMCG,Tamil Nadu,Chennai,Online,winter,448.98,1,166.0,218,51,3,176.05
2024-05-12,IN-SKU-11018,Perishables,Kerala,Thiruvananthapuram,Online,summer,215.94,4,315.0,318,109,3,258.73
2024-06-06,IN-SKU-11019,Perishables,Karnataka,Mysuru,Hypermarket,summer,87.21,19,166.0,78,74,8,239.52
2023-10-23,IN-SKU-11020,FMCG,Telangana,Warangal,Online,festival,220.48,20,125.0,31,48,4,238.59
2025-10-15,IN-SKU-11021,Home Care,Kerala,Kochi,Online,festival,335.14,10,60.0,63,103,8,127.9
2025-09-05,IN-SKU-11022,Home Care,Delhi NCR,Noida,Supermarket,monsoon,735.07,40,118.0,153,55,9,160.48
2025-12-09,IN-SKU-11023,Home Care,Tamil Nadu,Coimbatore,Convenience Store,winter,341.51,40,39.0,337,131,10,142.34
2025-04-19,IN-SKU-11024,Perishables,Maharashtra,Mumbai,Convenience Store,summer,224.81,12,308.0,138,45,7,261.62
2025-11-21,IN-SKU-11025,Staples,Kerala,Kochi,Hypermarket,festival,422.57,24,268.0,116,76,3,290.83
2025-09-11,IN-SKU-11026,FMCG,Tamil Nadu,Chennai,Hypermarket,monsoon,408.5,33,137.0,191,126,4,214.47
2025-03-11,IN-SKU-11027,FMCG,Tamil Nadu,Chennai,Convenience Store,summer,229.94,34,275.0,382,111,8,256.62
2025-03-05,IN-SKU-11028,Personal Care,Tamil Nadu,Coimbatore,Convenience Store,summer,97.8,37,276.0,38,69,8,265.51
2024-09-03,IN-SKU-11029,Staples,Delhi NCR,Delhi,Supermarket,monsoon,340.21,40,50.0,369,126,3,155.71
2023-07-20,IN-SKU-11030,Home Care,Maharashtra,Nagpur,Convenience Store,monsoon,135.25,16,67.0,176,116,3,119.37
2023-05-24,IN-SKU-11031,Home Care,Karnataka,Mysuru,Hypermarket,summer,244.06,3,190.0,25,103,9,173.36
2024-09-08,IN-SKU-11032,Personal Care,Delhi NCR,Gurugram,Supermarket,monsoon,530.58,14,96.0,248,168,2,121.81
2024-04-05,IN-SKU-11033,Home Care,Delhi NCR,Noida,Supermarket,summer,576.04,13,104.0,74,103,3,151.58
2025-03-29,IN-SKU-11034,FMCG,Karnataka,Bengaluru,Supermarket,summer,284.48,21,207.0,38,103,2,220.81
2024-02-16,IN-SKU-11035,Staples,Karnataka,Bengaluru,Hypermarket,winter,395.03,33,113.0,41,69,7,200.49
2024-01-21,IN-SKU-11036,Staples,Telangana,Warangal,Hypermarket,winter,549.26,25,229.0,29,144,10,253.13
2025-01-28,IN-SKU-11037,Personal Care,Kerala,Kozhikode,Supermarket,winter,885.75,29,214.0,262,121,2,183.69
2023-06-19,IN-SKU-11038,Staples,Kerala,Kochi,Convenience Store,summer,203.85,25,230.0,346,100,5,228.09
2023-08-14,IN-SKU-11039,Personal Care,Delhi NCR,Noida,Online,monsoon,541.87,3,85.0,419,120,9,139.54
2023-05-23,IN-SKU-11040,Staples,Telangana,Warangal,Hypermarket,summer,606.43,19,163.0,225,146,2,186.73
2023-09-25,IN-SKU-11041,Personal Care,Telangana,Warangal,Online,monsoon,524.39,0,83.0,316,68,3,126.46
2025-08-15,IN-SKU-11042,Personal Care,Delhi NCR,Delhi,Convenience Store,monsoon,616.25,32,177.0,205,133,5,157.85
2025-04-09,IN-SKU-11043,Personal Care,Kerala,Kozhikode,Convenience Store,summer,347.49,5,126.0,118,52,8,122.41
2025-05-02,IN-SKU-11044,Personal Care,Karnataka,Mysuru,Hypermarket,summer,879.71,16,36.0,33,109,2,136.98
2023-11-09,IN-SKU-11045,FMCG,Karnataka,Mysuru,Hypermarket,festival,320.8,32,270.0,218,81,5,301.24
2024-12-10,IN-SKU-11046,Staples,Kerala,Kozhikode,Supermarket,winter,501.41,31,175.0,91,119,4,200.49
2024-07-28,IN-SKU-11047,Personal Care,Tamil Nadu,Chennai,Supermarket,monsoon,515.86,12,177.0,118,79,8,173.75
2023-12-28,IN-SKU-11048,Personal Care,Telangana,Warangal,Hypermarket,winter,175.51,32,81.0,91,49,7,184.8
2024-02-27,IN-SKU-11049,Perishables,Delhi NCR,Gurugram,Supermarket,winter,273.68,1,90.0,100,179,3,176.81
2024-10-12,IN-SKU-11050,FMCG,Telangana,Warangal,Supermarket,festival,69.2,27,129.0,410,83,10,247.29
2024-11-29,IN-SKU-11051,Electronics,Telangana,Warangal,Hypermarket,festival,27974.28,29,211.0,319,126,3,77.91
2023-04-01,IN-SKU-11052,Electronics,Karnataka,Bengaluru,Hypermarket,summer,26546.89,39,285.0,256,101,3,98.33
2025-05-03,IN-SKU-11053,Electronics,Maharashtra,Pune,Supermarket,summer,19544.87,4,210.0,272,123,8,81.08
2025-08-01,IN-SKU-11054,FMCG,Karnataka,Bengaluru,Convenience Store,monsoon,65.4,23,197.0,194,77,3,226.4
2024-05-26,IN-SKU-11055,Electronics,Telangana,Warangal,Hypermarket,summer,8995.93,38,61.0,386,159,10,107.62
2025-06-14,IN-SKU-11056,Staples,Karnataka,Mysuru,Hypermarket,summer,95.12,3,264.0,124,59,6,241.89
2024-06-29,IN-SKU-11057,Electronics,Delhi NCR,Delhi,Hypermarket,summer,24100.91,20,90.0,302,77,4,35.89
2025-08-14,IN-SKU-11058,Staples,Delhi NCR,Delhi,Convenience Store,monsoon,211.4,18,222.0,299,166,4,205.62
2025-11-15,IN-SKU-11059,Personal Care,Delhi NCR,Delhi,Supermarket,festival,182.72,4,26.0,165,140,2,126.48
2024-06-14,IN-SKU-11060,FMCG,Tamil Nadu,Coimbatore,Supermarket,summer,294.52,27,215.0,242,179,9,232.26
2023-12-18,IN-SKU-11061,FMCG,Maharashtra,Mumbai,Convenience Store,winter,208.36,25,235.0,40,145,4,253.17
2023-06-23,IN-SKU-11062,FMCG,Tamil Nadu,Chennai,Convenience Store,summer,61.37,4,87.0,349,114,10,163.52
2023-01-14,IN-SKU-11063,Home Care,Telangana,Hyderabad,Supermarket,winter,565.34,21,49.0,385,59,6,148.05
2023-08-19,IN-SKU-11064,Perishables,Kerala,Kochi,Convenience Store,monsoon,160.65,7,178.0,98,146,3,181.92
2025-06-26,IN-SKU-11065,Staples,Telangana,Warangal,Hypermarket,summer,638.73,38,129.0,397,132,3,199.19
2024-04-12,IN-SKU-11066,Staples,Telangana,Hyderabad,Supermarket,summer,87.96,2,198.0,309,169,3,205.37
2024-03-04,IN-SKU-11067,Home Care,Delhi NCR,Noida,Convenience Store,summer,230.57,30,128.0,399,81,2,163.61
2025-03-31,IN-SKU-11068,Perishables,Delhi NCR,Noida,Convenience Store,summer,26.33,9,191.0,343,135,10,214.35
2025-06-26,IN-SKU-11069,Electronics,Tamil Nadu,Chennai,Supermarket,summer,24266.48,5,169.0,191,113,8,8.0
2023-03-03,IN-SKU-11070,Home Care,Kerala,Kochi,Supermarket,summer,531.19,34,277.0,347,104,2,222.79
2025-02-14,IN-SKU-11071,Perishables,Delhi NCR,Gurugram,Convenience Store,winter,88.63,16,270.0,50,116,5,283.17
2025-11-09,IN-SKU-11072,Home Care,Delhi NCR,Gurugram,Supermarket,festival,727.65,37,298.0,233,119,6,292.56
2023-06-27,IN-SKU-11073,Perishables,Karnataka,Bengaluru,Hypermarket,summer,169.06,28,28.0,403,171,4,166.23
2025-09-19,IN-SKU-11074,Home Care,Maharashtra,Pune,Supermarket,monsoon,182.0,35,154.0,94,51,2,207.59
2025-09-17,IN-SKU-11075,Staples,Karnataka,Bengaluru,Hypermarket,monsoon,137.66,15,86.0,45,92,4,179.99
2023-01-07,IN-SKU-11076,FMCG,Telangana,Warangal,Convenience Store,winter,418.52,12,256.0,265,103,8,230.0
2023-03-18,IN-SKU-11077,FMCG,Delhi NCR,Gurugram,Hypermarket,summer,144.82,32,45.0,358,126,7,188.02
2025-07-18,IN-SKU-11078,Perishables,Delhi NCR,Delhi,Convenience Store,monsoon,229.22,19,92.0,120,82,2,146.75
2025-02-09,IN-SKU-11079,Electronics,Telangana,Hyderabad,Supermarket,winter,2755.08,15,196.0,29,131,7,154.27
2023-10-30,IN-SKU-11080,Perishables,Karnataka,Bengaluru,Convenience Store,festival,187.28,20,261.0,337,50,8,268.15
2024-03-30,IN-SKU-11081,Electronics,Delhi NCR,Gurugram,Online,summer,9427.36,5,26.0,261,166,9,21.5
2025-07-31,IN-SKU-11082,Electronics,Maharashtra,Nagpur,Supermarket,monsoon,20797.92,10,107.0,201,171,10,19.6
2025-11-18,IN-SKU-11083,FMCG,Karnataka,Bengaluru,Hypermarket,festival,343.92,28,236.0,237,94,2,324.88
2024-03-26,IN-SKU-11084,Personal Care,Maharashtra,Mumbai,Convenience Store,summer,212.07,26,175.0,284,95,8,191.69
2023-02-26,IN-SKU-11085,Perishables,Karnataka,Bengaluru,Supermarket,winter,254.77,8,91.0,68,157,7,174.91
2024-08-21,IN-SKU-11086,FMCG,Telangana,Hyderabad,Supermarket,monsoon,59.14,24,141.0,39,88,3,200.54
2023-03-04,IN-SKU-11087,Home Care,Tamil Nadu,Chennai,Convenience Store,summer,117.96,9,152.0,327,89,2,158.07
2025-01-09,IN-SKU-11088,Electronics,Karnataka,Mysuru,Supermarket,winter,1379.48,2,21.0,179,125,9,114.7
2025-10-23,IN-SKU-11089,Staples,Delhi NCR,Noida,Hypermarket,festival,73.08,21,292.0,218,101,9,330.17
2023-10-25,IN-SKU-11090,Personal Care,Tamil Nadu,Chennai,Convenience Store,festival,773.62,9,22.0,88,123,5,118.56
2024-07-13,IN-SKU-11091,FMCG,Delhi NCR,Gurugram,Supermarket,monsoon,300.37,24,83.0,241,121,6,169.83
2024-02-29,IN-SKU-11092,Perishables,Kerala,Kochi,Convenience Store,winter,113.7,1,67.0,62,108,8,154.61
2023-09-27,IN-SKU-11093,Staples,Karnataka,Bengaluru,Supermarket,monsoon,347.87,21,37.0,390,102,4,136.17
2024-09-23,IN-SKU-11094,FMCG,Maharashtra,Mumbai,Online,monsoon,53.25,32,266.0,282,93,10,246.15
2024-01-25,IN-SKU-11095,Home Care,Kerala,Kochi,Supermarket,winter,316.81,33,91.0,69,138,10,182.12
2024-01-24,IN-SKU-11096,Home Care,Telangana,Warangal,Convenience Store,winter,106.26,35,294.0,249,65,2,258.8
2025-01-03,IN-SKU-11097,Home Care,Delhi NCR,Gurugram,Convenience Store,winter,613.78,22,227.0,388,89,5,178.44
2024-10-14,IN-SKU-11098,Personal Care,Tamil Nadu,Coimbatore,Convenience Store,festival,519.84,20,256.0,147,113,10,252.96
2024-09-30,IN-SKU-11099,Perishables,Karnataka,Mysuru,Supermarket,monsoon,99.41,36,189.0,185,84,5,209.84
2024-06-23,IN-SKU-11100,Personal Care,Telangana,Warangal,Supermarket,summer,140.4,21,311.0,285,143,3,263.79
2024-05-22,IN-SKU-11101,Personal Care,Karnataka,Mysuru,Hypermarket,summer,232.13,3,283.0,136,60,4,235.66
2025-03-04,IN-SKU-11102,Electronics,Tamil Nadu,Chennai,Supermarket,summer,22157.07,28,191.0,143,99,4,74.13
2024-12-15,IN-SKU-11103,Staples,Telangana,Hyderabad,Supermarket,winter,646.58,25,264.0,214,156,5,232.58
2023-07-31,IN-SKU-11104,Staples,Tamil Nadu,Chennai,Supermarket,monsoon,323.09,5,155.0,77,120,8,178.1
2024-09-11,IN-SKU-11105,Personal Care,Maharashtra,Mumbai,Supermarket,monsoon,507.88,15,236.0,57,135,9,203.78
2024-12-27,IN-SKU-11106,Personal Care,Karnataka,Mysuru,Online,winter,148.44,4,57.0,132,101,9,148.2
2024-02-09,IN-SKU-11107,Electronics,Karnataka,Mysuru,Online,winter,22919.54,24,121.0,153,120,7,47.46
2024-11-17,IN-SKU-11108,Perishables,Kerala,Thiruvananthapuram,Hypermarket,festival,100.43,5,69.0,169,67,8,153.19
2023-08-23,IN-SKU-11109,FMCG,Tamil Nadu,Coimbatore,Supermarket,monsoon,100.21,8,138.0,411,75,5,154.16
2024-05-12,IN-SKU-11110,FMCG,Tamil Nadu,Chennai,Supermarket,summer,423.13,20,50.0,274,178,10,147.68
2024-08-03,IN-SKU-11111,Perishables,Tamil Nadu,Coimbatore,Supermarket,monsoon,279.07,6,84.0,71,45,7,145.62
2025-07-07,IN-SKU-11112,Staples,Delhi NCR,Delhi,Convenience Store,monsoon,484.23,26,53.0,419,133,10,143.3
2025-10-25,IN-SKU-11113,Staples,Karnataka,Mysuru,Supermarket,festival,347.18,21,207.0,283,93,5,240.1
2025-02-21,IN-SKU-11114,Electronics,Karnataka,Bengaluru,Convenience Store,winter,684.84,17,26.0,296,88,7,90.63
2024-05-05,IN-SKU-11115,Perishables,Telangana,Warangal,Convenience Store,summer,272.65,0,285.0,213,57,9,226.05
2023-11-06,IN-SKU-11116,Perishables,Karnataka,Mysuru,Online,festival,77.38,37,51.0,229,131,4,220.25
2024-02-16,IN-SKU-11117,Home Care,Tamil Nadu,Coimbatore,Hypermarket,winter,197.26,6,235.0,305,128,2,198.54
2024-12-16,IN-SKU-11118,Personal Care,Maharashtra,Mumbai,Convenience Store,winter,645.46,39,268.0,84,142,10,254.74
2025-05-12,IN-SKU-11119,Personal Care,Maharashtra,Mumbai,Online,summer,614.75,6,30.0,408,161,8,74.1
2024-05-09,IN-SKU-11120,Electronics,Delhi NCR,Noida,Convenience Store,summer,18474.94,31,105.0,150,148,2,32.18
2023-11-08,IN-SKU-11121,Perishables,Kerala,Thiruvananthapuram,Supermarket,festival,243.77,15,23.0,194,45,5,164.02
2023-11-13,IN-SKU-11122,FMCG,Kerala,Thiruvananthapuram,Supermarket,festival,72.54,12,58.0,85,95,2,189.0
2023-05-09,IN-SKU-11123,Perishables,Delhi NCR,Noida,Online,summer,47.71,5,165.0,357,131,6,214.86
2023-12-10,IN-SKU-11124,Perishables,Tamil Nadu,Chennai,Supermarket,winter,22.04,27,267.0,148,137,5,263.82
2023-08-16,IN-SKU-11125,FMCG,Delhi NCR,Noida,Hypermarket,monsoon,315.53,0,162.0,379,150,2,204.37
2024-04-30,IN-SKU-11126,Staples,Kerala,Kochi,Convenience Store,summer,237.32,13,243.0,78,63,10,214.17
2024-07-12,IN-SKU-11127,Electronics,Karnataka,Bengaluru,Online,monsoon,23251.94,4,287.0,78,65,9,91.14
2025-06-30,IN-SKU-11128,FMCG,Delhi NCR,Noida,Convenience Store,summer,71.89,7,239.0,127,109,6,192.96
2023-12-11,IN-SKU-11129,FMCG,Karnataka,Mysuru,Supermarket,winter,71.86,8,193.0,159,178,8,237.61
2023-05-05,IN-SKU-11130,Perishables,Delhi NCR,Noida,Hypermarket,summer,20.12,4,296.0,59,98,5,272.33
2023-02-25,IN-SKU-11131,Home Care,Tamil Nadu,Coimbatore,Hypermarket,winter,407.43,26,230.0,247,59,7,196.47
2025-12-21,IN-SKU-11132,FMCG,Telangana,Hyderabad,Hypermarket,winter,36.15,14,189.0,301,69,2,211.9
2024-07-21,IN-SKU-11133,Personal Care,Maharashtra,Mumbai,Convenience Store,monsoon,,2,218.0,302,156,7,143.64
2025-07-12,IN-SKU-11134,FMCG,Tamil Nadu,Coimbatore,Hypermarket,monsoon,253.95,3,248.0,153,102,10,226.45
2025-01-18,IN-SKU-11135,FMCG,Telangana,Warangal,Hypermarket,winter,201.45,33,109.0,21,93,10,189.06
2023-08-11,IN-SKU-11136,FMCG,Telangana,Warangal,Hypermarket,monsoon,50.57,32,299.0,336,50,7,296.15
2025-09-10,IN-SKU-11137,Perishables,Telangana,Hyderabad,Online,monsoon,126.8,28,132.0,385,150,6,183.8
2023-05-08,IN-SKU-11138,Perishables,Maharashtra,Mumbai,Hypermarket,summer,143.01,9,107.0,336,114,4,173.15
2023-09-17,IN-SKU-11139,Perishables,Delhi NCR,Noida,Supermarket,monsoon,54.93,24,243.0,207,62,3,251.76
2024-11-30,IN-SKU-11140,Staples,Tamil Nadu,Chennai,Online,festival,165.71,34,75.0,376,89,4,212.14
2024-08-02,IN-SKU-11141,Home Care,Maharashtra,Mumbai,Online,monsoon,312.93,12,38.0,286,103,9,121.83
2023-10-28,IN-SKU-11142,Perishables,Karnataka,Mysuru,Convenience Store,festival,178.85,40,184.0,367,92,10,260.47
2024-04-12,IN-SKU-11143,FMCG,Maharashtra,Mumbai,Supermarket,summer,237.74,28,191.0,419,117,7,249.17
2024-02-02,IN-SKU-11144,Electronics,Kerala,Kochi,Hypermarket,winter,22729.39,20,177.0,109,162,8,86.27
2024-07-25,IN-SKU-11145,FMCG,Maharashtra,Nagpur,Hypermarket,monsoon,403.77,9,136.0,358,52,8,179.6
2024-06-03,IN-SKU-11146,Personal Care,Telangana,Warangal,Online,summer,320.5,38,234.0,328,105,4,248.09
2025-12-19,IN-SKU-11147,Home Care,Delhi NCR,Delhi,Hypermarket,winter,458.32,16,127.0,351,86,7,153.68
2023-10-12,IN-SKU-11148,Staples,Karnataka,Mysuru,Convenience Store,festival,338.6,30,217.0,289,61,4,292.86
2024-08-06,IN-SKU-11149,Personal Care,Karnataka,Mysuru,Supermarket,monsoon,243.92,7,257.0,194,94,10,229.32
2024-12-02,IN-SKU-11150,FMCG,Telangana,Warangal,Supermarket,winter,336.26,0,252.0,246,144,10,220.71
2024-09-10,IN-SKU-11151,Personal Care,Maharashtra,Pune,Supermarket,monsoon,746.29,27,249.0,143,53,5,249.98
2025-02-18,IN-SKU-11152,Personal Care,Maharashtra,Nagpur,Online,winter,544.08,7,190.0,278,136,5,198.38
2024-04-06,IN-SKU-11153,Home Care,Kerala,Thiruvananthapuram,Online,summer,,36,171.0,253,176,7,184.14
2025-12-31,IN-SKU-11154,Staples,Karnataka,Bengaluru,Supermarket,winter,123.62,10,175.0,143,87,8,217.56
2025-01-04,IN-SKU-11155,Personal Care,Maharashtra,Nagpur,Supermarket,winter,217.76,0,147.0,125,122,2,168.32
2024-05-23,IN-SKU-11156,Staples,Maharashtra,Pune,Convenience Store,summer,47.39,32,207.0,133,129,9,227.31
2024-07-31,IN-SKU-11157,Electronics,Delhi NCR,Delhi,Online,monsoon,12164.37,9,111.0,172,118,2,58.3
2025-11-03,IN-SKU-11158,Home Care,Karnataka,Mysuru,Supermarket,festival,111.47,1,102.0,210,116,10,158.19
2023-11-15,IN-SKU-11159,Home Care,Telangana,Hyderabad,Hypermarket,festival,196.91,15,138.0,270,148,10,203.62
2023-05-31,IN-SKU-11160,Perishables,Maharashtra,Pune,Online,summer,119.81,28,79.0,207,87,10,167.14
2024-02-08,IN-SKU-11161,Home Care,Karnataka,Bengaluru,Hypermarket,winter,124.76,31,165.0,193,105,6,209.48
2023-07-16,IN-SKU-11162,Home Care,Delhi NCR,Delhi,Convenience Store,monsoon,255.16,2,210.0,71,63,9,139.93
2023-09-21,IN-SKU-11163,Staples,Karnataka,Mysuru,Online,monsoon,310.43,10,290.0,367,150,9,248.22
2025-05-30,IN-SKU-11164,Perishables,Karnataka,Mysuru,Supermarket,summer,64.47,31,204.0,330,159,9,231.08
2025-09-29,IN-SKU-11165,Home Care,Maharashtra,Pune,Hypermarket,monsoon,604.42,0,,182,57,3,103.21
2025-02-05,IN-SKU-11166,Personal Care,Maharashtra,Pune,Online,winter,821.43,26,244.0,27,67,7,219.79
2023-12-24,IN-SKU-11167,Personal Care,Kerala,Kozhikode,Supermarket,winter,487.79,39,228.0,46,172,3,238.76
2023-09-28,IN-SKU-11168,Personal Care,Maharashtra,Nagpur,Convenience Store,monsoon,495.55,14,307.0,390,115,5,216.61
2025-10-13,IN-SKU-11169,Home Care,Tamil Nadu,Coimbatore,Convenience Store,festival,344.04,9,186.0,233,119,3,185.74
2023-08-25,IN-SKU-11170,Home Care,Delhi NCR,Delhi,Online,monsoon,344.01,1,41.0,341,169,6,115.37
2025-11-02,IN-SKU-11171,FMCG,Karnataka,Bengaluru,Convenience Store,festival,213.71,33,72.0,352,142,9,192.23
2024-05-22,IN-SKU-11172,Staples,Karnataka,Mysuru,Hypermarket,summer,539.87,21,223.0,329,100,6,225.77
2025-03-20,IN-SKU-11173,Staples,Maharashtra,Mumbai,Hypermarket,summer,328.95,31,149.0,293,79,3,194.57
2024-12-02,IN-SKU-11174,FMCG,Maharashtra,Nagpur,Convenience Store,winter,290.77,23,148.0,340,96,10,172.31
2023-11-30,IN-SKU-11175,Electronics,Kerala,Kochi,Convenience Store,festival,21444.64,2,282.0,336,95,4,132.47
2024-06-28,IN-SKU-11176,Electronics,Kerala,Kozhikode,Convenience Store,summer,6241.18,38,78.0,371,70,9,126.13
2023-02-19,IN-SKU-11177,Personal Care,Kerala,Kochi,Online,winter,713.21,12,165.0,196,139,10,151.89
2025-12-17,IN-SKU-11178,Perishables,Kerala,Kochi,Supermarket,winter,242.33,27,202.0,85,128,7,214.97
2023-09-22,IN-SKU-11179,FMCG,Karnataka,Bengaluru,Online,monsoon,405.5,26,184.0,143,166,9,210.71
2025-08-18,IN-SKU-11180,Personal Care,Tamil Nadu,Coimbatore,Supermarket,monsoon,478.26,40,264.0,126,89,6,230.04
2023-12-27,IN-SKU-11181,FMCG,Kerala,Kochi,Supermarket,winter,146.26,33,229.0,323,63,9,263.31
2024-10-29,IN-SKU-11182,Electronics,Maharashtra,Pune,Convenience Store,festival,6752.12,28,206.0,137,117,10,185.97
2024-12-16,IN-SKU-11183,Home Care,Maharashtra,Nagpur,Supermarket,winter,587.22,8,304.0,249,70,6,228.04
2024-10-24,IN-SKU-11184,Staples,Maharashtra,Pune,Online,festival,,17,274.0,299,173,9,302.67
2025-01-29,IN-SKU-11185,Electronics,Delhi NCR,Noida,Online,winter,14611.35,19,40.0,109,140,2,40.8
2024-07-01,IN-SKU-11186,Home Care,Kerala,Kochi,Online,monsoon,592.07,24,142.0,76,82,9,172.02
2023-01-13,IN-SKU-11187,Staples,Karnataka,Mysuru,Convenience Store,winter,454.93,40,269.0,193,161,3,261.8
2024-01-10,IN-SKU-11188,Staples,Karnataka,Mysuru,Convenience Store,winter,55.63,12,189.0,89,45,5,196.85
2025-08-31,IN-SKU-11189,Electronics,Telangana,Hyderabad,Convenience Store,monsoon,17384.28,40,253.0,378,61,4,117.22
2023-12-07,IN-SKU-11190,Perishables,Tamil Nadu,Coimbatore,Hypermarket,winter,113.93,40,137.0,308,48,9,215.56
2025-10-10,IN-SKU-11191,Home Care,Tamil Nadu,Coimbatore,Convenience Store,festival,426.05,1,169.0,354,88,2,166.6
2023-02-17,IN-SKU-11192,Personal Care,Telangana,Hyderabad,Supermarket,winter,601.61,10,159.0,355,119,6,154.91
2023-12-24,IN-SKU-11193,Personal Care,Delhi NCR,Gurugram,Supermarket,winter,751.58,7,210.0,137,60,2,191.72
2024-09-29,IN-SKU-11194,FMCG,Tamil Nadu,Chennai,Supermarket,monsoon,210.48,32,195.0,79,143,9,234.44
2023-04-22,IN-SKU-11195,Staples,Kerala,Thiruvananthapuram,Hypermarket,summer,421.26,30,97.0,119,178,7,210.24
2025-02-22,IN-SKU-11196,FMCG,Tamil Nadu,Chennai,Supermarket,winter,424.16,5,264.0,229,174,4,226.47
2024-02-10,IN-SKU-11197,Perishables,Karnataka,Mysuru,Online,winter,245.75,7,50.0,119,153,2,160.96
2024-03-21,IN-SKU-11198,Perishables,Karnataka,Mysuru,Supermarket,summer,79.56,23,300.0,175,134,7,274.09
2023-02-12,IN-SKU-11199,FMCG,Tamil Nadu,Coimbatore,Convenience Store,winter,336.57,4,99.0,162,140,3,155.8
2023-07-13,IN-SKU-11200,Perishables,Telangana,Warangal,Convenience Store,monsoon,199.56,17,177.0,264,170,4,179.89
2024-05-19,IN-SKU-11201,Personal Care,Maharashtra,Mumbai,Supermarket,summer,125.97,12,123.0,304,59,10,149.84
2023-10-04,IN-SKU-11202,Perishables,Tamil Nadu,Chennai,Convenience Store,festival,75.76,26,291.0,302,136,7,289.92
2024-04-30,IN-SKU-11203,Staples,Karnataka,Bengaluru,Convenience Store,summer,483.37,18,288.0,129,74,6,249.78
2025-06-16,IN-SKU-11204,Perishables,Tamil Nadu,Chennai,Convenience Store,summer,98.0,20,82.0,238,99,4,170.54
2023-04-13,IN-SKU-11205,Electronics,Maharashtra,Mumbai,Hypermarket,summer,4672.12,28,265.0,124,112,7,239.75
2023-02-25,IN-SKU-11206,Perishables,Telangana,Warangal,Convenience Store,winter,47.51,20,277.0,326,163,4,270.56
2025-08-29,IN-SKU-11207,Home Care,Telangana,Hyderabad,Hypermarket,monsoon,120.47,21,107.0,116,48,8,185.29
2023-08-09,IN-SKU-11208,Perishables,Tamil Nadu,Coimbatore,Convenience Store,monsoon,25.92,39,51.0,84,170,10,167.8
2024-02-07,IN-SKU-11209,FMCG,Kerala,Kozhikode,Convenience Store,winter,44.82,10,262.0,391,172,9,260.07
2023-12-31,IN-SKU-11210,Electronics,Karnataka,Mysuru,Online,winter,12320.56,26,205.0,341,151,7,124.22
2025-07-19,IN-SKU-11211,Perishables,Karnataka,Bengaluru,Supermarket,monsoon,67.36,29,187.0,387,129,5,194.8
2023-06-03,IN-SKU-11212,Personal Care,Telangana,Warangal,Hypermarket,summer,386.79,32,57.0,334,177,10,152.85
2023-06-30,IN-SKU-11213,Electronics,Delhi NCR,Delhi,Hypermarket,summer,13083.8,27,301.0,403,83,5,180.92
2024-06-21,IN-SKU-11214,Perishables,Kerala,Kochi,Online,summer,114.52,8,247.0,389,45,6,228.01
2024-11-03,IN-SKU-11215,Electronics,Karnataka,Bengaluru,Supermarket,festival,5778.95,20,308.0,295,86,10,264.88
2024-07-19,IN-SKU-11216,Personal Care,Karnataka,Mysuru,Hypermarket,monsoon,522.93,38,285.0,385,149,4,242.63
2024-04-16,IN-SKU-11217,FMCG,Telangana,Warangal,Hypermarket,summer,274.97,18,121.0,128,164,2,185.87
2024-02-08,IN-SKU-11218,FMCG,Tamil Nadu,Coimbatore,Online,winter,142.87,9,288.0,263,118,5,243.63
2024-08-07,IN-SKU-11219,Home Care,Telangana,Hyderabad,Hypermarket,monsoon,591.78,34,182.0,383,66,2,196.18
2025-02-28,IN-SKU-11220,Home Care,Delhi NCR,Delhi,Supermarket,winter,620.94,39,,155,150,7,207.86
2024-09-20,IN-SKU-11221,Perishables,Delhi NCR,Noida,Online,monsoon,168.46,27,175.0,181,175,8,203.4
2024-09-25,IN-SKU-11222,Electronics,Kerala,Thiruvananthapuram,Convenience Store,monsoon,7282.23,38,234.0,28,115,7,202.82
2023-05-16,IN-SKU-11223,Perishables,Delhi NCR,Delhi,Online,summer,157.98,15,278.0,384,79,3,244.29
2023-06-30,IN-SKU-11224,Electronics,Karnataka,Bengaluru,Supermarket,summer,20851.54,34,105.0,264,167,2,52.94
2024-12-30,IN-SKU-11225,Perishables,Kerala,Kochi,Supermarket,winter,114.88,15,281.0,187,96,4,244.92
2023-06-24,IN-SKU-11226,Electronics,Telangana,Hyderabad,Supermarket,summer,11990.16,10,193.0,112,60,4,105.07
2023-02-26,IN-SKU-11227,Staples,Kerala,Kochi,Hypermarket,winter,278.88,36,309.0,66,99,8,288.07
2024-11-09,IN-SKU-11228,FMCG,Delhi NCR,Gurugram,Hypermarket,festival,129.56,12,245.0,282,71,8,288.78
2024-11-29,IN-SKU-11229,Electronics,Tamil Nadu,Chennai,Convenience Store,festival,16797.75,12,280.0,255,105,6,120.87
2025-11-05,IN-SKU-11230,FMCG,Tamil Nadu,Coimbatore,Convenience Store,festival,56.53,15,221.0,82,116,8,298.41
2024-08-23,IN-SKU-11231,Personal Care,Maharashtra,Nagpur,Online,monsoon,205.1,27,259.0,200,77,3,269.86
2023-04-14,IN-SKU-11232,FMCG,Kerala,Kozhikode,Hypermarket,summer,305.57,21,169.0,86,101,3,211.68
2025-11-25,IN-SKU-11233,Staples,Tamil Nadu,Coimbatore,Convenience Store,festival,91.7,36,306.0,146,111,3,341.85
2023-07-20,IN-SKU-11234,Perishables,Maharashtra,Nagpur,Supermarket,monsoon,67.27,32,312.0,332,92,4,296.05
2024-07-19,IN-SKU-11235,FMCG,Delhi NCR,Gurugram,Supermarket,monsoon,156.37,19,235.0,30,57,5,226.45
2024-07-17,IN-SKU-11236,FMCG,Maharashtra,Nagpur,Convenience Store,monsoon,92.82,1,63.0,112,91,5,145.18
2023-01-15,IN-SKU-11237,Home Care,Maharashtra,Nagpur,Supermarket,winter,257.78,37,76.0,307,69,8,171.23
2024-08-31,IN-SKU-11238,FMCG,Tamil Nadu,Coimbatore,Online,monsoon,337.02,24,256.0,48,134,5,266.01
2025-09-04,IN-SKU-11239,Staples,Delhi NCR,Noida,Hypermarket,monsoon,469.28,23,296.0,259,159,3,250.63
2024-06-14,IN-SKU-11240,FMCG,Karnataka,Bengaluru,Hypermarket,summer,425.12,35,170.0,108,117,5,227.9
2024-10-01,IN-SKU-11241,Personal Care,Maharashtra,Nagpur,Convenience Store,festival,573.06,27,25.0,89,79,2,156.4
2025-08-30,IN-SKU-11242,Personal Care,Tamil Nadu,Chennai,Supermarket,monsoon,159.38,4,68.0,223,45,5,97.21
2025-12-01,IN-SKU-11243,Home Care,Maharashtra,Mumbai,Supermarket,winter,133.41,25,66.0,56,171,4,177.08
2024-05-25,IN-SKU-11244,Perishables,Karnataka,Mysuru,Convenience Store,summer,39.94,31,164.0,58,64,8,214.1
2025-07-02,IN-SKU-11245,Home Care,Tamil Nadu,Chennai,Supermarket,monsoon,745.92,27,36.0,350,176,7,124.89
2025-09-27,IN-SKU-11246,Personal Care,Kerala,Kochi,Supermarket,monsoon,725.81,31,43.0,220,123,9,106.19
2023-06-17,IN-SKU-11247,Staples,Kerala,Kozhikode,Supermarket,summer,364.88,9,158.0,332,57,7,152.76
2025-01-18,IN-SKU-11248,FMCG,Kerala,Kozhikode,Hypermarket,winter,237.37,2,100.0,244,141,2,152.05
2023-03-05,IN-SKU-11249,FMCG,Telangana,Warangal,Convenience Store,summer,318.74,2,34.0,94,98,4,115.58
2023-06-15,IN-SKU-11250,FMCG,Delhi NCR,Delhi,Hypermarket,summer,90.79,8,57.0,182,76,6,167.3
2023-10-03,IN-SKU-11251,FMCG,Karnataka,Bengaluru,Online,festival,153.16,20,308.0,392,151,5,351.68
2023-11-19,IN-SKU-11252,FMCG,Delhi NCR,Delhi,Hypermarket,festival,238.1,14,275.0,311,178,6,294.63
2023-11-17,IN-SKU-11253,Electronics,Karnataka,Bengaluru,Online,festival,23866.13,20,252.0,251,78,3,114.53
2024-09-21,IN-SKU-11254,Perishables,Maharashtra,Mumbai,Convenience Store,monsoon,165.83,9,72.0,61,163,5,170.53
2023-01-06,IN-SKU-11255,Perishables,Maharashtra,Mumbai,Hypermarket,winter,107.07,28,173.0,363,113,10,224.49
2023-04-18,IN-SKU-11256,Home Care,Tamil Nadu,Chennai,Online,summer,487.12,1,306.0,185,130,10,238.82
2024-09-13,IN-SKU-11257,Staples,Maharashtra,Mumbai,Hypermarket,monsoon,176.63,10,203.0,92,81,6,207.82
2023-10-25,IN-SKU-11258,Personal Care,Tamil Nadu,Coimbatore,Supermarket,festival,417.3,21,310.0,41,57,4,265.95
2024-04-04,IN-SKU-11259,FMCG,Maharashtra,Mumbai,Hypermarket,summer,417.93,18,80.0,62,151,4,195.03
2024-11-12,IN-SKU-11260,Personal Care,Delhi NCR,Delhi,Online,festival,204.22,12,260.0,272,107,3,264.92
2025-03-14,IN-SKU-11261,Electronics,Kerala,Kozhikode,Supermarket,summer,2440.97,5,289.0,140,62,3,197.48
2023-12-24,IN-SKU-11262,Staples,Karnataka,Bengaluru,Hypermarket,winter,246.85,7,95.0,76,89,9,164.41
2024-05-09,IN-SKU-11263,Staples,Telangana,Warangal,Convenience Store,summer,303.91,13,281.0,291,115,9,216.2
2024-05-03,IN-SKU-11264,Home Care,Maharashtra,Pune,Convenience Store,summer,190.7,40,,265,171,4,146.46
2024-09-14,IN-SKU-11265,FMCG,Kerala,Kochi,Supermarket,monsoon,66.39,21,265.0,242,69,2,230.52
2024-11-20,IN-SKU-11266,Electronics,Karnataka,Mysuru,Convenience Store,festival,3537.86,33,215.0,68,170,6,267.08
2023-11-15,IN-SKU-11267,FMCG,Delhi NCR,Noida,Online,festival,89.87,6,30.0,308,111,3,178.69
2025-01-01,IN-SKU-11268,Perishables,Karnataka,Bengaluru,Convenience Store,winter,240.81,13,116.0,129,52,4,162.38
2024-03-27,IN-SKU-11269,Home Care,Telangana,Hyderabad,Supermarket,summer,542.4,1,182.0,354,91,6,117.73
2023-12-26,IN-SKU-11270,FMCG,Maharashtra,Pune,Supermarket,winter,57.1,30,289.0,22,135,2,296.68
2025-08-14,IN-SKU-11271,Home Care,Karnataka,Mysuru,Convenience Store,monsoon,369.64,11,127.0,346,71,8,144.98
2025-01-20,IN-SKU-11272,FMCG,Kerala,Kozhikode,Supermarket,winter,45.13,1,65.0,362,176,8,127.98
2024-08-31,IN-SKU-11273,FMCG,Karnataka,Bengaluru,Convenience Store,monsoon,151.21,25,175.0,401,55,8,183.77
2023-01-13,IN-SKU-11274,FMCG,Tamil Nadu,Coimbatore,Supermarket,winter,105.65,4,228.0,165,159,5,191.09
2023-10-28,IN-SKU-11275,Staples,Karnataka,Bengaluru,Hypermarket,festival,329.49,16,203.0,374,153,9,246.38
2024-06-23,IN-SKU-11276,Perishables,Maharashtra,Nagpur,Supermarket,summer,279.36,35,195.0,69,67,10,225.81
2024-06-28,IN-SKU-11277,Perishables,Delhi NCR,Gurugram,Convenience Store,summer,125.24,17,36.0,364,176,7,134.84
2023-01-25,IN-SKU-11278,Personal Care,Tamil Nadu,Coimbatore,Convenience Store,winter,565.94,3,193.0,39,149,6,159.05
2023-02-28,IN-SKU-11279,Staples,Maharashtra,Mumbai,Supermarket,winter,522.85,9,262.0,356,168,7,224.52
2025-02-19,IN-SKU-11280,Personal Care,Delhi NCR,Gurugram,Convenience Store,winter,351.66,14,102.0,281,79,5,127.72
2024-04-22,IN-SKU-11281,Personal Care,Karnataka,Mysuru,Hypermarket,summer,231.43,4,308.0,307,82,4,228.59
2025-06-24,IN-SKU-11282,FMCG,Karnataka,Bengaluru,Supermarket,summer,214.27,18,156.0,313,141,8,215.12
2023-08-31,IN-SKU-11283,Perishables,Tamil Nadu,Chennai,Online,monsoon,229.57,40,40.0,153,137,9,157.02
2024-08-28,IN-SKU-11284,Home Care,Karnataka,Bengaluru,Supermarket,monsoon,336.44,20,279.0,408,67,10,262.2
2025-12-15,IN-SKU-11285,Staples,Maharashtra,Nagpur,Supermarket,winter,590.13,8,221.0,186,130,8,205.97
2024-01-10,IN-SKU-11286,FMCG,Kerala,Kozhikode,Online,winter,87.94,29,,417,177,10,198.99
2024-01-02,IN-SKU-11287,FMCG,Karnataka,Bengaluru,Supermarket,winter,67.85,16,176.0,112,73,4,204.66
2024-05-28,IN-SKU-11288,FMCG,Maharashtra,Nagpur,Supermarket,summer,134.27,13,256.0,158,112,10,251.84
2023-01-30,IN-SKU-11289,FMCG,Tamil Nadu,Chennai,Online,winter,167.86,12,221.0,291,125,5,207.88
2025-04-29,IN-SKU-11290,Staples,Maharashtra,Mumbai,Convenience Store,summer,474.45,19,293.0,408,83,3,259.31
2023-04-18,IN-SKU-11291,Personal Care,Kerala,Kochi,Supermarket,summer,549.67,24,124.0,155,90,5,173.69
2025-04-01,IN-SKU-11292,Staples,Karnataka,Mysuru,Supermarket,summer,407.67,23,120.0,282,113,9,154.14
2025-08-31,IN-SKU-11293,Perishables,Tamil Nadu,Chennai,Hypermarket,monsoon,207.51,17,216.0,300,154,8,204.9
2024-09-09,IN-SKU-11294,Personal Care,Tamil Nadu,Chennai,Hypermarket,monsoon,712.4,18,21.0,106,113,6,117.56
2023-10-05,IN-SKU-11295,Perishables,Karnataka,Mysuru,Hypermarket,festival,245.64,14,308.0,357,61,9,289.99
2024-02-11,IN-SKU-11296,Personal Care,Telangana,Hyderabad,Supermarket,winter,686.88,24,79.0,125,126,3,124.09
2025-12-19,IN-SKU-11297,Home Care,Tamil Nadu,Coimbatore,Convenience Store,winter,341.19,21,254.0,102,150,7,239.95
2025-03-08,IN-SKU-11298,FMCG,Kerala,Kochi,Hypermarket,summer,305.44,21,204.0,41,166,2,221.67
2025-03-11,IN-SKU-11299,Perishables,Delhi NCR,Noida,Convenience Store,summer,170.12,35,315.0,57,51,6,276.32
2023-09-23,IN-SKU-11300,FMCG,Telangana,Hyderabad,Hypermarket,monsoon,322.38,1,230.0,92,60,6,211.01
2023-11-07,IN-SKU-11301,Home Care,Delhi NCR,Gurugram,Online,festival,631.19,4,262.0,164,164,3,208.31
2023-12-30,IN-SKU-11302,Perishables,Kerala,Kozhikode,Hypermarket,winter,254.74,40,106.0,81,66,10,207.64
2023-01-07,IN-SKU-11303,Personal Care,Delhi NCR,Delhi,Convenience Store,winter,621.79,4,221.0,403,95,8,181.46
2023-08-22,IN-SKU-11304,Staples,Karnataka,Mysuru,Supermarket,monsoon,134.69,17,300.0,47,115,3,268.81
2025-01-02,IN-SKU-11305,Perishables,Maharashtra,Pune,Hypermarket,winter,108.81,9,214.0,110,110,9,235.89
2025-02-04,IN-SKU-11306,Electronics,Kerala,Kozhikode,Supermarket,winter,15147.28,14,193.0,299,46,10,96.98
2023-01-21,IN-SKU-11307,Home Care,Karnataka,Mysuru,Supermarket,winter,559.86,13,207.0,280,174,10,175.49
2025-12-04,IN-SKU-11308,Perishables,Tamil Nadu,Chennai,Supermarket,winter,95.39,20,249.0,183,164,6,274.56
2024-08-26,IN-SKU-11309,Personal Care,Tamil Nadu,Chennai,Hypermarket,monsoon,226.17,27,272.0,405,117,9,259.57
2023-04-29,IN-SKU-11310,Personal Care,Delhi NCR,Delhi,Convenience Store,summer,259.3,19,34.0,201,174,10,138.15
2023-09-21,IN-SKU-11311,Personal Care,Tamil Nadu,Chennai,Supermarket,monsoon,454.84,26,,118,170,8,141.95
2025-10-30,IN-SKU-11312,Staples,Telangana,Warangal,Supermarket,festival,565.97,23,177.0,389,165,9,245.15
2024-10-23,IN-SKU-11313,Personal Care,Delhi NCR,Delhi,Hypermarket,festival,440.46,35,164.0,327,156,6,233.12
2024-02-09,IN-SKU-11314,Perishables,Maharashtra,Nagpur,Hypermarket,winter,252.03,5,91.0,147,108,3,180.16
2024-02-23,IN-SKU-11315,Electronics,Karnataka,Mysuru,Online,winter,23552.78,21,261.0,166,146,10,101.51
2025-03-24,IN-SKU-11316,FMCG,Tamil Nadu,Coimbatore,Supermarket,summer,287.71,7,226.0,21,99,6,225.91
2025-09-03,IN-SKU-11317,FMCG,Tamil Nadu,Chennai,Convenience Store,monsoon,280.53,1,269.0,256,103,9,198.43
2025-08-30,IN-SKU-11318,FMCG,Kerala,Kozhikode,Convenience Store,monsoon,,40,165.0,81,62,4,221.79
2025-12-10,IN-SKU-11319,Perishables,Maharashtra,Nagpur,Supermarket,winter,119.64,6,305.0,60,113,9,263.39
2023-11-25,IN-SKU-11320,Personal Care,Telangana,Warangal,Convenience Store,festival,742.78,11,141.0,262,45,2,177.24
2024-01-11,IN-SKU-11321,Electronics,Delhi NCR,Delhi,Convenience Store,winter,22387.99,11,220.0,413,158,7,22.28
2025-12-17,IN-SKU-11322,Home Care,Tamil Nadu,Coimbatore,Supermarket,winter,313.86,30,,319,106,9,178.93
2024-03-23,IN-SKU-11323,FMCG,Tamil Nadu,Chennai,Convenience Store,summer,403.13,24,212.0,378,68,5,202.75
2025-04-10,IN-SKU-11324,Staples,Tamil Nadu,Chennai,Supermarket,summer,193.78,22,75.0,272,95,4,169.94
2024-10-01,IN-SKU-11325,Home Care,Karnataka,Mysuru,Hypermarket,festival,135.5,17,317.0,357,80,5,284.49
2023-04-18,IN-SKU-11326,FMCG,Maharashtra,Mumbai,Hypermarket,summer,108.86,31,246.0,118,150,2,244.13
2025-11-03,IN-SKU-11327,Staples,Tamil Nadu,Coimbatore,Supermarket,festival,513.69,12,87.0,396,132,8,210.91
2025-12-29,IN-SKU-11328,Staples,Telangana,Hyderabad,Supermarket,winter,581.06,3,175.0,113,73,8,160.09
2024-04-18,IN-SKU-11329,FMCG,Telangana,Warangal,Supermarket,summer,424.29,12,220.0,388,154,10,190.14
2025-01-02,IN-SKU-11330,Home Care,Kerala,Kochi,Supermarket,winter,351.25,5,265.0,266,95,5,191.4
2025-09-03,IN-SKU-11331,FMCG,Maharashtra,Mumbai,Supermarket,monsoon,132.91,40,292.0,325,56,5,304.49
2023-10-02,IN-SKU-11332,FMCG,Maharashtra,Nagpur,Hypermarket,festival,57.41,36,319.0,385,51,4,396.67
2025-12-14,IN-SKU-11333,Perishables,Telangana,Hyderabad,Supermarket,winter,190.63,18,204.0,381,145,6,206.63
2025-12-03,IN-SKU-11334,Personal Care,Karnataka,Mysuru,Convenience Store,winter,188.91,7,115.0,367,155,5,153.74
2025-02-13,IN-SKU-11335,FMCG,Tamil Nadu,Coimbatore,Convenience Store,winter,417.98,23,35.0,68,130,4,128.83
2025-03-30,IN-SKU-11336,Personal Care,Kerala,Thiruvananthapuram,Hypermarket,summer,177.76,22,46.0,195,71,3,132.79
2023-08-10,IN-SKU-11337,Perishables,Kerala,Kozhikode,Hypermarket,monsoon,50.29,37,241.0,300,75,2,254.08
2023-08-13,IN-SKU-11338,Electronics,Kerala,Thiruvananthapuram,Supermarket,monsoon,18400.51,6,231.0,83,141,10,83.25
2023-01-20,IN-SKU-11339,Staples,Karnataka,Mysuru,Online,winter,121.37,40,137.0,380,111,6,212.24
2023-01-05,IN-SKU-11340,Home Care,Tamil Nadu,Coimbatore,Convenience Store,winter,182.23,36,41.0,265,140,2,173.27
2024-10-25,IN-SKU-11341,Staples,Telangana,Hyderabad,Hypermarket,festival,279.31,16,54.0,366,63,7,197.22
2025-12-01,IN-SKU-11342,Personal Care,Kerala,Kozhikode,Convenience Store,winter,601.99,17,229.0,61,49,2,193.66
2025-05-15,IN-SKU-11343,Personal Care,Kerala,Kochi,Supermarket,summer,590.46,17,112.0,172,60,10,145.92
2024-10-06,IN-SKU-11344,Personal Care,Kerala,Thiruvananthapuram,Supermarket,festival,855.83,16,319.0,347,69,5,241.2
2025-08-10,IN-SKU-11345,Staples,Maharashtra,Pune,Supermarket,monsoon,243.09,35,260.0,368,72,2,249.02
2024-04-02,IN-SKU-11346,Home Care,Tamil Nadu,Chennai,Hypermarket,summer,510.09,33,277.0,80,52,10,255.63
2023-04-25,IN-SKU-11347,FMCG,Kerala,Kozhikode,Hypermarket,summer,50.18,31,289.0,348,67,6,303.08
2024-11-29,IN-SKU-11348,Personal Care,Maharashtra,Mumbai,Supermarket,festival,883.78,34,26.0,271,47,2,113.5
2023-09-09,IN-SKU-11349,Staples,Maharashtra,Pune,Online,monsoon,212.29,3,203.0,227,68,4,195.19
2023-10-07,IN-SKU-11350,Perishables,Karnataka,Bengaluru,Hypermarket,festival,251.09,38,119.0,172,118,9,223.58
2024-12-18,IN-SKU-11351,Personal Care,Delhi NCR,Delhi,Hypermarket,winter,70.49,25,72.0,78,64,6,159.22
2023-11-14,IN-SKU-11352,Perishables,Maharashtra,Pune,Supermarket,festival,57.92,3,63.0,122,136,7,175.44
2024-09-06,IN-SKU-11353,Personal Care,Delhi NCR,Delhi,Online,monsoon,496.58,30,210.0,184,49,3,202.8
2025-02-22,IN-SKU-11354,Personal Care,Tamil Nadu,Chennai,Online,winter,477.84,2,41.0,191,148,3,83.41
2025-06-13,IN-SKU-11355,Staples,Tamil Nadu,Chennai,Convenience Store,summer,482.16,29,39.0,109,113,7,127.36
2024-02-02,IN-SKU-11356,Staples,Delhi NCR,Gurugram,Online,winter,149.19,24,42.0,386,87,8,157.87
2025-02-06,IN-SKU-11357,Home Care,Telangana,Warangal,Convenience Store,winter,229.35,39,173.0,349,158,2,225.45
2023-12-22,IN-SKU-11358,Staples,Karnataka,Mysuru,Hypermarket,winter,96.68,28,57.0,324,162,9,173.35
2024-04-02,IN-SKU-11359,FMCG,Delhi NCR,Noida,Supermarket,summer,351.78,28,145.0,207,127,8,209.55
2024-02-29,IN-SKU-11360,Staples,Tamil Nadu,Coimbatore,Supermarket,winter,73.15,4,62.0,367,143,2,137.8
2023-06-19,IN-SKU-11361,Staples,Maharashtra,Pune,Online,summer,446.92,30,,282,164,5,194.67
2025-01-02,IN-SKU-11362,Personal Care,Delhi NCR,Gurugram,Supermarket,winter,519.88,11,251.0,395,59,3,222.03
2023-04-08,IN-SKU-11363,Personal Care,Tamil Nadu,Coimbatore,Convenience Store,summer,701.82,9,319.0,36,170,6,238.54
2024-08-10,IN-SKU-11364,Home Care,Maharashtra,Pune,Hypermarket,monsoon,527.88,18,132.0,147,178,3,175.98
2024-11-26,IN-SKU-11365,Staples,Kerala,Thiruvananthapuram,Supermarket,festival,337.35,37,222.0,166,153,6,302.07
2023-02-12,IN-SKU-11366,Staples,Kerala,Thiruvananthapuram,Hypermarket,winter,107.75,35,128.0,178,159,8,211.46
2025-05-29,IN-SKU-11367,Staples,Maharashtra,Pune,Supermarket,summer,432.0,9,227.0,140,65,5,185.45
2023-06-08,IN-SKU-11368,Personal Care,Maharashtra,Nagpur,Convenience Store,summer,436.54,21,303.0,60,118,9,264.59
2024-08-09,IN-SKU-11369,FMCG,Kerala,Kozhikode,Online,monsoon,131.99,6,282.0,221,157,8,252.2
2024-03-01,IN-SKU-11370,Electronics,Telangana,Warangal,Supermarket,summer,25855.31,17,318.0,40,73,4,108.59
2025-05-16,IN-SKU-11371,Electronics,Karnataka,Mysuru,Online,summer,6485.12,40,182.0,113,112,3,168.52
2025-03-05,IN-SKU-11372,FMCG,Maharashtra,Pune,Supermarket,summer,67.16,0,280.0,331,85,6,235.24
2023-01-26,IN-SKU-11373,Perishables,Kerala,Kochi,Convenience Store,winter,119.22,31,76.0,254,78,5,178.28
2024-10-10,IN-SKU-11374,Home Care,Kerala,Thiruvananthapuram,Supermarket,festival,128.17,21,132.0,109,45,3,192.77
2025-02-27,IN-SKU-11375,Home Care,Karnataka,Mysuru,Convenience Store,winter,345.58,27,300.0,310,163,8,255.37
2025-11-11,IN-SKU-11376,Personal Care,Karnataka,Mysuru,Convenience Store,festival,828.64,24,304.0,272,50,10,256.68
2025-08-22,IN-SKU-11377,FMCG,Maharashtra,Nagpur,Supermarket,monsoon,158.46,26,164.0,24,60,10,214.22
2025-09-09,IN-SKU-11378,Electronics,Karnataka,Bengaluru,Hypermarket,monsoon,7764.86,36,275.0,65,58,2,231.64
2023-03-22,IN-SKU-11379,FMCG,Karnataka,Mysuru,Hypermarket,summer,206.75,3,272.0,276,88,9,218.94
2023-05-12,IN-SKU-11380,Personal Care,Kerala,Kozhikode,Convenience Store,summer,740.46,6,154.0,131,103,9,129.7
2024-04-03,IN-SKU-11381,Home Care,Tamil Nadu,Coimbatore,Supermarket,summer,349.13,21,258.0,73,126,4,211.66
2025-08-03,IN-SKU-11382,Home Care,Maharashtra,Nagpur,Convenience Store,monsoon,272.99,3,54.0,118,82,4,77.03
2024-08-12,IN-SKU-11383,FMCG,Telangana,Warangal,Convenience Store,monsoon,320.93,8,216.0,247,75,5,181.21
2024-06-06,IN-SKU-11384,FMCG,Delhi NCR,Noida,Convenience Store,summer,277.52,26,216.0,92,159,10,234.26
2025-07-14,IN-SKU-11385,Perishables,Telangana,Hyderabad,Hypermarket,monsoon,233.53,0,212.0,387,61,8,191.47
2025-12-07,IN-SKU-11386,Personal Care,Telangana,Warangal,Supermarket,winter,263.88,8,285.0,250,61,5,221.97
2025-11-17,IN-SKU-11387,Personal Care,Karnataka,Bengaluru,Supermarket,festival,232.82,35,97.0,300,64,6,168.48
2025-11-24,IN-SKU-11388,FMCG,Karnataka,Bengaluru,Supermarket,festival,201.32,13,185.0,395,113,9,246.32
2023-01-03,IN-SKU-11389,FMCG,Maharashtra,Mumbai,Convenience Store,winter,102.74,29,74.0,243,122,9,161.41
2025-01-12,IN-SKU-11390,Perishables,Telangana,Warangal,Hypermarket,winter,242.13,39,219.0,149,70,4,275.88
2024-07-03,IN-SKU-11391,Home Care,Karnataka,Bengaluru,Online,monsoon,213.74,17,44.0,176,135,5,124.07
2025-12-01,IN-SKU-11392,Electronics,Karnataka,Mysuru,Hypermarket,winter,2906.22,20,110.0,262,139,4,147.76
2024-06-29,IN-SKU-11393,Electronics,Kerala,Kozhikode,Hypermarket,summer,5996.6,30,146.0,160,150,2,183.66
2023-02-18,IN-SKU-11394,Personal Care,Tamil Nadu,Coimbatore,Supermarket,winter,,37,140.0,188,140,5,189.32
2023-03-17,IN-SKU-11395,FMCG,Kerala,Kozhikode,Convenience Store,summer,346.67,6,210.0,151,57,5,201.54
2024-03-18,IN-SKU-11396,Personal Care,Karnataka,Mysuru,Online,summer,717.71,31,129.0,272,162,9,156.23
2025-07-28,IN-SKU-11397,Perishables,Kerala,Thiruvananthapuram,Convenience Store,monsoon,257.12,26,295.0,82,151,3,243.53
2024-09-22,IN-SKU-11398,Perishables,Karnataka,Bengaluru,Online,monsoon,197.78,37,78.0,70,175,10,198.22
2025-11-18,IN-SKU-11399,Staples,Tamil Nadu,Chennai,Supermarket,festival,640.23,22,236.0,331,150,7,280.47
2023-11-28,IN-SKU-11400,Staples,Delhi NCR,Noida,Supermarket,festival,215.45,23,241.0,153,140,3,305.3
2025-07-25,IN-SKU-11401,Personal Care,Kerala,Kochi,Supermarket,monsoon,721.08,3,177.0,215,47,8,144.05
2024-08-28,IN-SKU-11402,Staples,Telangana,Warangal,Online,monsoon,126.9,11,117.0,96,51,8,168.47
2024-12-13,IN-SKU-11403,Personal Care,Tamil Nadu,Chennai,Supermarket,winter,456.64,4,79.0,312,60,3,135.33
2023-08-12,IN-SKU-11404,Staples,Delhi NCR,Gurugram,Convenience Store,monsoon,165.56,13,153.0,47,74,8,192.52
2024-01-13,IN-SKU-11405,Electronics,Delhi NCR,Noida,Supermarket,winter,17250.53,11,112.0,92,52,10,52.06
2025-06-22,IN-SKU-11406,Electronics,Telangana,Warangal,Supermarket,summer,1605.73,23,62.0,67,60,10,107.23
2023-01-18,IN-SKU-11407,Personal Care,Telangana,Hyderabad,Supermarket,winter,543.14,5,300.0,136,71,4,222.25
2024-01-02,IN-SKU-11408,Staples,Tamil Nadu,Coimbatore,Hypermarket,winter,479.93,31,229.0,288,104,4,226.12
2023-03-17,IN-SKU-11409,Perishables,Telangana,Hyderabad,Supermarket,summer,192.43,6,89.0,282,162,6,149.2
2025-06-04,IN-SKU-11410,Personal Care,Telangana,Hyderabad,Hypermarket,summer,255.58,21,108.0,58,74,9,175.52
2023-05-02,IN-SKU-11411,Home Care,Maharashtra,Nagpur,Convenience Store,summer,372.17,5,214.0,393,88,10,197.71
2024-12-05,IN-SKU-11412,Electronics,Delhi NCR,Delhi,Supermarket,winter,26492.64,32,123.0,306,144,5,30.89
2023-07-05,IN-SKU-11413,Home Care,Telangana,Warangal,Supermarket,monsoon,650.09,23,122.0,182,149,10,152.09
2023-07-12,IN-SKU-11414,FMCG,Maharashtra,Pune,Online,monsoon,366.14,23,90.0,139,166,3,162.2
2024-05-01,IN-SKU-11415,Staples,Tamil Nadu,Coimbatore,Convenience Store,summer,322.01,23,58.0,62,60,7,136.41
2024-09-02,IN-SKU-11416,Personal Care,Karnataka,Bengaluru,Supermarket,monsoon,453.98,11,35.0,152,163,8,89.78
2024-11-17,IN-SKU-11417,Personal Care,Tamil Nadu,Coimbatore,Convenience Store,festival,483.87,4,199.0,154,125,10,192.81
2024-12-26,IN-SKU-11418,Personal Care,Tamil Nadu,Chennai,Supermarket,winter,476.15,11,20.0,97,163,10,130.1
2024-06-08,IN-SKU-11419,Electronics,Karnataka,Bengaluru,Convenience Store,summer,,26,64.0,274,117,7,118.4
2023-08-31,IN-SKU-11420,Perishables,Delhi NCR,Gurugram,Convenience Store,monsoon,192.38,38,30.0,126,162,6,124.47
2025-09-05,IN-SKU-11421,Perishables,Delhi NCR,Noida,Hypermarket,monsoon,69.99,34,103.0,46,133,8,209.41
2025-12-25,IN-SKU-11422,FMCG,Delhi NCR,Gurugram,Convenience Store,winter,90.9,35,132.0,226,144,6,199.51
2025-08-18,IN-SKU-11423,Electronics,Telangana,Warangal,Supermarket,monsoon,14357.05,5,318.0,246,171,4,133.71
2025-03-14,IN-SKU-11424,Staples,Telangana,Warangal,Hypermarket,summer,527.18,7,32.0,267,145,6,134.3
2025-12-21,IN-SKU-11425,Electronics,Maharashtra,Mumbai,Convenience Store,winter,1690.64,10,43.0,334,159,4,119.15
2025-09-08,IN-SKU-11426,FMCG,Delhi NCR,Noida,Convenience Store,monsoon,401.21,9,99.0,292,143,2,146.25
2024-08-09,IN-SKU-11427,FMCG,Delhi NCR,Delhi,Convenience Store,monsoon,185.44,4,138.0,339,158,5,159.19
2025-03-07,IN-SKU-11428,Personal Care,Telangana,Hyderabad,Supermarket,summer,787.95,4,295.0,359,53,7,224.59
2025-12-20,IN-SKU-11429,Personal Care,Delhi NCR,Gurugram,Online,winter,293.26,18,55.0,269,71,2,136.33
2023-04-22,IN-SKU-11430,Perishables,Karnataka,Bengaluru,Supermarket,summer,208.5,32,,401,121,6,261.88
2023-10-22,IN-SKU-11431,Perishables,Tamil Nadu,Coimbatore,Supermarket,festival,151.96,28,105.0,135,177,3,221.94
2023-08-14,IN-SKU-11432,Home Care,Delhi NCR,Delhi,Supermarket,monsoon,504.73,20,186.0,389,61,10,200.74
2025-03-01,IN-SKU-11433,Personal Care,Delhi NCR,Gurugram,Supermarket,summer,124.67,4,199.0,240,114,7,213.0
2025-01-13,IN-SKU-11434,Perishables,Tamil Nadu,Chennai,Supermarket,winter,,40,248.0,159,156,5,276.56
2023-08-30,IN-SKU-11435,Staples,Karnataka,Bengaluru,Hypermarket,monsoon,206.52,33,174.0,124,74,8,230.41
2024-03-09,IN-SKU-11436,Staples,Maharashtra,Pune,Online,summer,226.84,9,99.0,182,95,3,151.27
2023-05-18,IN-SKU-11437,Home Care,Maharashtra,Nagpur,Convenience Store,summer,407.53,25,239.0,253,163,7,200.8
2025-02-04,IN-SKU-11438,Perishables,Kerala,Kozhikode,Online,,239.52,2,30.0,47,161,9,138.52
2024-08-07,IN-SKU-11439,Home Care,Telangana,Hyderabad,Convenience Store,monsoon,344.28,3,227.0,384,63,4,174.33
2025-03-20,IN-SKU-11440,Staples,Telangana,Warangal,Hypermarket,summer,160.17,19,260.0,171,102,3,240.54
2024-03-27,IN-SKU-11441,Perishables,Delhi NCR,Noida,Convenience Store,summer,224.53,22,164.0,190,174,4,212.8
2023-09-03,IN-SKU-11442,Perishables,Kerala,Kochi,Hypermarket,monsoon,177.38,31,316.0,124,89,9,255.99
2025-08-11,IN-SKU-11443,Perishables,Tamil Nadu,Coimbatore,Supermarket,monsoon,251.7,18,152.0,263,157,8,188.04
2025-01-19,IN-SKU-11444,Staples,Maharashtra,Pune,Supermarket,winter,256.55,15,21.0,160,85,5,129.86
2024-12-16,IN-SKU-11445,Electronics,Maharashtra,Nagpur,Convenience Store,winter,3281.13,28,316.0,410,95,7,265.38
2025-08-18,IN-SKU-11446,Home Care,Tamil Nadu,Chennai,Convenience Store,monsoon,489.26,39,313.0,49,91,8,237.87
2023-08-02,IN-SKU-11447,Perishables,Maharashtra,Mumbai,Supermarket,monsoon,,15,189.0,180,158,3,192.09
2025-10-07,IN-SKU-11448,Electronics,Delhi NCR,Delhi,Hypermarket,festival,712.62,24,254.0,350,144,2,278.43
2023-01-10,IN-SKU-11449,Staples,Karnataka,Mysuru,Supermarket,winter,54.95,5,280.0,216,47,8,273.24
2025-10-05,IN-SKU-11450,Staples,Delhi NCR,Noida,Supermarket,festival,423.21,17,165.0,311,71,2,235.81
2025-04-17,IN-SKU-11451,Perishables,Delhi NCR,Delhi,Convenience Store,summer,148.02,33,248.0,176,115,5,250.9
2024-12-29,IN-SKU-11452,Perishables,Telangana,Warangal,Supermarket,winter,63.59,32,143.0,307,45,10,256.92
2024-04-04,IN-SKU-11453,Home Care,Delhi NCR,Gurugram,Supermarket,summer,358.24,13,,41,179,5,147.48
2024-06-24,IN-SKU-11454,Electronics,Delhi NCR,Gurugram,Hypermarket,summer,17845.25,22,75.0,236,107,8,34.87
2025-06-21,IN-SKU-11455,Personal Care,Delhi NCR,Noida,Convenience Store,summer,532.53,8,57.0,281,113,8,82.7
2025-11-08,IN-SKU-11456,Electronics,Karnataka,Bengaluru,Supermarket,festival,6349.11,4,109.0,350,131,3,139.06
2025-07-23,IN-SKU-11457,Perishables,Telangana,Warangal,Supermarket,monsoon,270.62,30,65.0,224,139,3,161.52
2024-01-28,IN-SKU-11458,Personal Care,Tamil Nadu,Chennai,Online,winter,744.44,16,144.0,196,106,6,169.48
2023-03-05,IN-SKU-11459,Home Care,Maharashtra,Nagpur,Supermarket,summer,271.14,8,208.0,93,144,2,170.7
2025-02-03,IN-SKU-11460,FMCG,Telangana,Warangal,Online,winter,230.09,40,58.0,67,50,6,204.23
2023-10-09,IN-SKU-11461,Staples,Telangana,Warangal,Online,festival,144.22,39,75.0,258,59,8,218.32
2025-04-12,IN-SKU-11462,Home Care,Maharashtra,Pune,Supermarket,summer,735.54,3,74.0,161,48,8,107.44
2025-12-22,IN-SKU-11463,FMCG,Delhi NCR,Gurugram,Hypermarket,winter,378.59,34,20.0,233,116,3,159.63
2024-01-02,IN-SKU-11464,Electronics,Kerala,Kozhikode,Hypermarket,winter,25367.47,16,238.0,160,153,2,68.59
2023-07-14,IN-SKU-11465,Electronics,Tamil Nadu,Chennai,Convenience Store,monsoon,17381.58,7,175.0,241,133,7,64.4
2023-09-10,IN-SKU-11466,Perishables,Telangana,Warangal,Convenience Store,monsoon,162.44,23,73.0,313,57,2,157.73
2025-03-21,IN-SKU-11467,Home Care,Tamil Nadu,Chennai,Supermarket,summer,153.96,26,220.0,114,82,5,211.02
2024-01-01,IN-SKU-11468,FMCG,Telangana,Warangal,Supermarket,winter,417.1,40,308.0,111,52,3,290.2
2023-09-30,IN-SKU-11469,Perishables,Tamil Nadu,Coimbatore,Supermarket,monsoon,203.04,0,24.0,205,91,2,103.15
2025-01-07,IN-SKU-11470,FMCG,Delhi NCR,Delhi,Supermarket,winter,175.65,14,79.0,224,58,8,172.52
2023-06-03,IN-SKU-11471,Perishables,Kerala,Kozhikode,Convenience Store,summer,252.16,32,86.0,267,74,8,184.49
2025-06-13,IN-SKU-11472,Staples,Delhi NCR,Delhi,Supermarket,summer,47.25,12,319.0,116,84,6,274.92
2023-07-27,IN-SKU-11473,Staples,Delhi NCR,Delhi,Online,monsoon,509.23,39,177.0,281,90,7,205.13
2025-10-20,IN-SKU-11474,FMCG,Telangana,Warangal,Hypermarket,festival,308.05,17,216.0,377,108,9,284.62
2023-07-31,IN-SKU-11475,Electronics,Karnataka,Mysuru,Supermarket,monsoon,4791.54,8,115.0,249,146,7,117.3
2024-10-15,IN-SKU-11476,Perishables,Tamil Nadu,Chennai,Supermarket,festival,106.44,7,248.0,36,127,5,274.13
2023-03-20,IN-SKU-11477,Personal Care,Tamil Nadu,Coimbatore,Convenience Store,summer,822.78,40,96.0,46,177,5,169.39
2025-08-23,IN-SKU-11478,Perishables,Kerala,Thiruvananthapuram,Hypermarket,monsoon,118.84,18,53.0,366,167,10,135.27
2025-08-01,IN-SKU-11479,FMCG,Maharashtra,Mumbai,Supermarket,monsoon,100.2,3,274.0,351,129,10,269.4
2025-10-04,IN-SKU-11480,Electronics,Tamil Nadu,Chennai,Convenience Store,festival,20792.16,30,261.0,242,69,3,124.58
2024-04-26,IN-SKU-11481,FMCG,Kerala,Thiruvananthapuram,Supermarket,summer,159.59,3,310.0,171,115,5,244.1
2023-12-09,IN-SKU-11482,Personal Care,Telangana,Hyderabad,Supermarket,winter,489.51,27,30.0,290,147,8,128.57
2025-06-19,IN-SKU-11483,Home Care,Telangana,Warangal,Online,summer,253.93,30,155.0,108,130,5,188.49
2023-10-18,IN-SKU-11484,Home Care,Kerala,Thiruvananthapuram,Hypermarket,festival,746.42,10,258.0,367,69,8,252.45
2023-04-19,IN-SKU-11485,FMCG,Maharashtra,Pune,Hypermarket,summer,288.11,37,83.0,110,45,10,170.88
2023-05-11,IN-SKU-11486,Staples,Tamil Nadu,Chennai,Supermarket,summer,412.07,3,54.0,99,97,6,139.84
2023-05-28,IN-SKU-11487,Perishables,Tamil Nadu,Coimbatore,Supermarket,summer,249.04,11,139.0,117,167,10,193.9
2025-05-26,IN-SKU-11488,Staples,Tamil Nadu,Chennai,Hypermarket,summer,252.54,40,312.0,213,64,2,306.41
2024-06-08,IN-SKU-11489,Perishables,Delhi NCR,Noida,Convenience Store,summer,235.52,17,169.0,152,134,3,202.88
2025-01-11,IN-SKU-11490,FMCG,Maharashtra,Mumbai,Hypermarket,winter,381.5,31,141.0,137,72,3,220.33
2023-08-05,IN-SKU-11491,Staples,Delhi NCR,Gurugram,Convenience Store,monsoon,268.87,2,180.0,101,88,4,174.3
2023-03-19,IN-SKU-11492,Staples,Tamil Nadu,Coimbatore,Supermarket,summer,347.36,23,189.0,126,138,5,226.05
2025-07-24,IN-SKU-11493,FMCG,Telangana,Hyderabad,Supermarket,monsoon,305.1,30,238.0,40,139,9,259.5
2023-11-13,IN-SKU-11494,Personal Care,Karnataka,Bengaluru,Convenience Store,festival,857.62,18,124.0,85,119,5,164.82
2025-08-05,IN-SKU-11495,Perishables,Kerala,Thiruvananthapuram,Supermarket,monsoon,155.88,35,317.0,95,167,2,271.7
2025-11-26,IN-SKU-11496,Staples,Kerala,Kochi,Supermarket,festival,302.8,25,48.0,302,163,6,181.43
2024-12-17,IN-SKU-11497,FMCG,Karnataka,Mysuru,Convenience Store,winter,90.65,9,254.0,128,102,5,218.48
2025-04-27,IN-SKU-11498,Staples,Kerala,Thiruvananthapuram,Supermarket,summer,559.5,30,122.0,61,124,4,169.86
2024-09-25,IN-SKU-11499,Staples,Karnataka,Mysuru,Supermarket,monsoon,203.31,34,50.0,314,126,9,131.46
2025-08-03,IN-SKU-11500,FMCG,Karnataka,Bengaluru,Supermarket,monsoon,412.47,32,191.0,203,45,2,217.23
2023-09-11,IN-SKU-11501,FMCG,Telangana,Warangal,Online,monsoon,103.41,36,99.0,58,137,3,184.73
2025-12-18,IN-SKU-11502,Perishables,Telangana,Hyderabad,Supermarket,winter,224.74,13,38.0,407,85,2,137.41
2024-03-15,IN-SKU-11503,Home Care,Karnataka,Bengaluru,Convenience Store,summer,95.05,40,40.0,337,82,7,135.73
2025-11-12,IN-SKU-11504,FMCG,Tamil Nadu,Chennai,Hypermarket,festival,396.49,17,119.0,45,52,3,238.29
2024-03-06,IN-SKU-11505,Staples,Karnataka,Mysuru,Online,summer,563.83,33,104.0,168,68,6,165.6
2023-09-02,IN-SKU-11506,Electronics,Karnataka,Mysuru,Hypermarket,monsoon,22084.81,21,217.0,227,72,10,67.56
2024-08-11,IN-SKU-11507,Home Care,Karnataka,Mysuru,Hypermarket,monsoon,297.18,5,267.0,157,104,5,230.12
2023-07-23,IN-SKU-11508,FMCG,Maharashtra,Nagpur,Supermarket,monsoon,306.81,17,23.0,407,135,7,142.22
2025-08-31,IN-SKU-11509,Personal Care,Delhi NCR,Delhi,Convenience Store,monsoon,791.99,19,58.0,52,154,3,123.74
2025-12-04,IN-SKU-11510,Staples,Tamil Nadu,Chennai,Convenience Store,winter,645.45,25,34.0,265,85,10,113.89
2023-04-16,IN-SKU-11511,FMCG,Delhi NCR,Gurugram,Online,summer,426.31,18,49.0,320,106,9,138.86
2023-07-15,IN-SKU-11512,FMCG,Telangana,Hyderabad,Supermarket,monsoon,341.7,35,141.0,79,105,2,200.7
2025-10-01,IN-SKU-11513,FMCG,Karnataka,Mysuru,Hypermarket,festival,365.8,31,99.0,87,47,6,249.59
2024-10-16,IN-SKU-11514,Staples,Telangana,Warangal,Convenience Store,festival,118.27,39,203.0,242,52,10,285.83
2025-12-17,IN-SKU-11515,Staples,Tamil Nadu,Coimbatore,Online,winter,423.17,12,233.0,370,118,2,194.19
2023-06-25,IN-SKU-11516,Electronics,Telangana,Hyderabad,Hypermarket,summer,9700.25,22,181.0,45,156,4,156.88
2023-05-23,IN-SKU-11517,Perishables,Maharashtra,Pune,Supermarket,summer,153.18,29,117.0,177,88,8,200.94
2024-09-19,IN-SKU-11518,FMCG,Tamil Nadu,Chennai,Supermarket,monsoon,172.52,4,68.0,158,134,4,147.47
2023-02-27,IN-SKU-11519,FMCG,Delhi NCR,Delhi,Hypermarket,winter,86.16,12,251.0,44,94,2,265.56
2024-08-13,IN-SKU-11520,Personal Care,Maharashtra,Nagpur,Online,monsoon,384.1,8,214.0,80,81,3,193.0
2023-08-27,IN-SKU-11521,Staples,Karnataka,Bengaluru,Supermarket,monsoon,457.43,3,244.0,359,58,7,184.84
2025-05-11,IN-SKU-11522,Electronics,Tamil Nadu,Coimbatore,Convenience Store,summer,12173.79,0,150.0,323,129,5,84.5
2025-01-11,IN-SKU-11523,Electronics,Karnataka,Bengaluru,Convenience Store,winter,,15,199.0,271,113,7,92.18
2025-04-27,IN-SKU-11524,Staples,Delhi NCR,Delhi,Supermarket,summer,393.88,35,206.0,229,115,9,257.54
2024-08-06,IN-SKU-11525,Electronics,Telangana,Hyderabad,Hypermarket,monsoon,5918.81,35,146.0,202,129,2,160.23
2024-03-14,IN-SKU-11526,Personal Care,Telangana,Hyderabad,Convenience Store,summer,376.92,26,120.0,160,139,9,166.15
2023-12-14,IN-SKU-11527,Home Care,Karnataka,Mysuru,Hypermarket,winter,370.88,21,272.0,84,85,7,239.94
2023-10-09,IN-SKU-11528,FMCG,Delhi NCR,Gurugram,Online,festival,326.82,29,188.0,114,122,8,268.43
2025-10-14,IN-SKU-11529,Perishables,Kerala,Thiruvananthapuram,Convenience Store,festival,84.7,35,210.0,39,79,7,269.37
2023-12-11,IN-SKU-11530,Home Care,Karnataka,Bengaluru,Supermarket,winter,452.66,12,198.0,28,99,8,199.18
2023-03-19,IN-SKU-11531,FMCG,Karnataka,Bengaluru,Convenience Store,summer,322.48,39,220.0,226,152,5,247.58
2024-06-24,IN-SKU-11532,Home Care,Delhi NCR,Noida,Online,summer,689.76,10,111.0,358,49,8,126.38
2023-05-20,IN-SKU-11533,Staples,Kerala,Thiruvananthapuram,Supermarket,summer,184.92,27,32.0,190,178,10,155.99
2024-01-02,IN-SKU-11534,Perishables,Tamil Nadu,Coimbatore,Hypermarket,winter,152.2,33,53.0,259,166,9,161.51
2024-07-10,IN-SKU-11535,Home Care,Tamil Nadu,Chennai,Supermarket,monsoon,667.47,4,93.0,216,157,4,110.75
2025-03-13,IN-SKU-11536,Staples,Kerala,Thiruvananthapuram,Online,summer,236.55,7,172.0,364,72,4,197.41
2023-06-08,IN-SKU-11537,FMCG,Kerala,Kozhikode,Supermarket,summer,288.77,18,268.0,74,137,5,233.48
2024-03-09,IN-SKU-11538,Electronics,Kerala,Thiruvananthapuram,Hypermarket,summer,8219.52,36,71.0,128,174,7,151.7
2023-08-06,IN-SKU-11539,Staples,Tamil Nadu,Coimbatore,Hypermarket,monsoon,349.69,8,190.0,416,121,2,190.11
2025-09-15,IN-SKU-11540,Electronics,Maharashtra,Pune,Online,monsoon,,37,71.0,321,83,3,98.66
2025-06-03,IN-SKU-11541,Perishables,Kerala,Thiruvananthapuram,Convenience Store,summer,188.41,22,172.0,41,173,6,221.26
2024-08-15,IN-SKU-11542,Perishables,Kerala,Kozhikode,Convenience Store,monsoon,23.62,18,282.0,60,94,3,240.37
2025-04-07,IN-SKU-11543,Perishables,Maharashtra,Mumbai,Online,summer,216.42,23,172.0,191,105,5,223.1
2023-01-14,IN-SKU-11544,Perishables,Karnataka,Mysuru,Convenience Store,winter,172.85,16,274.0,241,171,7,266.92
2024-09-10,IN-SKU-11545,Home Care,Tamil Nadu,Chennai,Supermarket,monsoon,544.06,17,287.0,327,150,10,197.39
2024-07-22,IN-SKU-11546,Home Care,Telangana,Hyderabad,Convenience Store,monsoon,95.36,2,304.0,198,159,9,223.99
2025-11-24,IN-SKU-11547,Electronics,Delhi NCR,Gurugram,Convenience Store,festival,6865.53,34,136.0,320,93,4,159.43
2024-10-13,IN-SKU-11548,Staples,Telangana,Warangal,Online,festival,624.77,35,146.0,298,110,8,225.18
2025-06-20,IN-SKU-11549,FMCG,Tamil Nadu,Chennai,Hypermarket,summer,105.55,12,265.0,124,66,9,234.4
2023-12-09,IN-SKU-11550,Perishables,Delhi NCR,Noida,Convenience Store,winter,202.41,24,313.0,170,149,4,248.69
2025-06-13,IN-SKU-11551,Personal Care,Delhi NCR,Gurugram,Supermarket,summer,528.56,9,128.0,172,179,9,152.44
2025-05-02,IN-SKU-11552,Staples,Kerala,Kochi,Convenience Store,summer,,10,223.0,116,175,4,227.81
2024-03-29,IN-SKU-11553,Electronics,Delhi NCR,Gurugram,Convenience Store,summer,25108.33,40,154.0,334,125,4,56.26
2024-09-19,IN-SKU-11554,Perishables,Kerala,Kozhikode,Hypermarket,monsoon,233.35,15,230.0,119,56,8,214.32
2023-12-29,IN-SKU-11555,Staples,Karnataka,Mysuru,Convenience Store,winter,487.33,15,245.0,176,58,2,207.06
2025-08-27,IN-SKU-11556,Personal Care,Kerala,Kozhikode,Online,monsoon,316.01,23,,144,95,3,244.25
2025-03-31,IN-SKU-11557,Home Care,Tamil Nadu,Coimbatore,Supermarket,summer,745.27,35,301.0,192,151,8,243.01
2024-02-20,IN-SKU-11558,Home Care,Delhi NCR,Gurugram,Hypermarket,winter,117.88,38,175.0,170,92,10,240.23
2024-02-26,IN-SKU-11559,Home Care,Maharashtra,Nagpur,Hypermarket,winter,372.75,8,199.0,404,94,4,199.0
2024-09-05,IN-SKU-11560,Personal Care,Tamil Nadu,Chennai,Hypermarket,monsoon,536.15,29,158.0,177,57,9,206.57
2025-02-19,IN-SKU-11561,Staples,Kerala,Thiruvananthapuram,Supermarket,winter,250.68,23,132.0,302,160,7,182.07
2023-03-05,IN-SKU-11562,FMCG,Maharashtra,Pune,Hypermarket,summer,273.3,20,300.0,282,178,5,269.29
2023-11-14,IN-SKU-11563,Electronics,Tamil Nadu,Chennai,Hypermarket,festival,3178.44,10,92.0,382,109,6,185.64
2023-07-05,IN-SKU-11564,FMCG,Telangana,Hyderabad,Hypermarket,monsoon,324.32,31,310.0,195,76,9,252.96
2023-05-03,IN-SKU-11565,Home Care,Kerala,Kochi,Supermarket,summer,537.96,2,101.0,210,166,4,113.34
2024-01-15,IN-SKU-11566,Electronics,Karnataka,Bengaluru,Supermarket,winter,16645.85,26,290.0,136,99,5,164.04
2023-09-13,IN-SKU-11567,Personal Care,Delhi NCR,Gurugram,Hypermarket,monsoon,561.69,23,312.0,120,50,6,252.54
2023-01-30,IN-SKU-11568,Home Care,Telangana,Warangal,Convenience Store,winter,641.08,26,129.0,385,81,3,161.84
2024-09-06,IN-SKU-11569,Electronics,Telangana,Hyderabad,Supermarket,monsoon,11698.9,18,254.0,317,125,9,173.64
2025-12-09,IN-SKU-11570,Personal Care,Delhi NCR,Delhi,Online,winter,649.42,20,50.0,166,131,10,124.91
2023-09-23,IN-SKU-11571,Home Care,Karnataka,Mysuru,Supermarket,monsoon,492.79,31,187.0,110,175,6,199.39
2025-03-06,IN-SKU-11572,FMCG,Tamil Nadu,Coimbatore,Hypermarket,summer,382.75,18,191.0,147,154,5,215.27
2023-10-04,IN-SKU-11573,Personal Care,Telangana,Hyderabad,Online,festival,109.19,17,257.0,308,90,3,260.62
2023-10-02,IN-SKU-11574,Perishables,Tamil Nadu,Coimbatore,Online,festival,175.53,7,181.0,386,129,7,213.83
2023-07-23,IN-SKU-11575,Home Care,Delhi NCR,Delhi,Online,monsoon,112.81,4,86.0,337,76,10,125.23
2025-10-11,IN-SKU-11576,Perishables,Telangana,Warangal,Online,festival,192.13,13,240.0,25,177,9,301.24
2023-10-05,IN-SKU-11577,Staples,Delhi NCR,Delhi,Online,festival,53.69,39,117.0,329,161,8,264.79
2024-10-23,IN-SKU-11578,FMCG,Telangana,Hyderabad,Supermarket,festival,219.99,32,303.0,254,132,6,336.0
2024-01-19,IN-SKU-11579,Home Care,Maharashtra,Mumbai,Supermarket,winter,300.32,2,202.0,253,136,4,184.07
2023-02-14,IN-SKU-11580,Perishables,Kerala,Kochi,Convenience Store,winter,23.94,30,292.0,400,152,2,302.7
2025-01-28,IN-SKU-11581,Staples,Kerala,Kozhikode,Convenience Store,winter,167.52,34,43.0,296,99,8,158.07
2023-09-16,IN-SKU-11582,Staples,Delhi NCR,Gurugram,Online,monsoon,529.76,25,284.0,418,59,7,255.29
2025-07-20,IN-SKU-11583,Personal Care,Tamil Nadu,Coimbatore,Hypermarket,monsoon,438.53,7,74.0,317,139,3,131.68
2025-11-29,IN-SKU-11584,FMCG,Maharashtra,Pune,Supermarket,festival,189.53,22,285.0,186,111,5,324.45
2024-05-31,IN-SKU-11585,FMCG,Maharashtra,Mumbai,Convenience Store,summer,432.27,14,217.0,270,90,8,195.34
2024-08-12,IN-SKU-11586,Electronics,Kerala,Kozhikode,Hypermarket,monsoon,10810.5,10,30.0,91,139,8,39.68
2025-10-06,IN-SKU-11587,Personal Care,Delhi NCR,Gurugram,Convenience Store,festival,581.79,3,178.0,251,70,7,150.71
2024-02-29,IN-SKU-11588,Personal Care,Kerala,Kozhikode,Supermarket,winter,210.18,18,309.0,97,175,9,291.44
2025-07-31,IN-SKU-11589,FMCG,Maharashtra,Pune,Supermarket,monsoon,213.12,1,268.0,156,179,6,219.43
2025-03-03,IN-SKU-11590,Perishables,Telangana,Warangal,Hypermarket,summer,120.98,17,23.0,374,87,7,183.07
2023-10-21,IN-SKU-11591,Staples,Maharashtra,Mumbai,Supermarket,festival,609.38,30,252.0,78,115,7,307.69
2024-01-15,IN-SKU-11592,FMCG,Kerala,Thiruvananthapuram,Online,winter,272.43,6,97.0,330,113,5,161.53
2025-11-20,IN-SKU-11593,Personal Care,Delhi NCR,Gurugram,Hypermarket,festival,837.48,37,56.0,87,73,7,165.33
2023-07-01,IN-SKU-11594,Staples,Karnataka,Bengaluru,Hypermarket,monsoon,301.0,37,232.0,60,114,8,248.28
2025-04-22,IN-SKU-11595,Perishables,Karnataka,Bengaluru,Supermarket,summer,196.94,16,146.0,198,138,8,191.85
2025-11-27,IN-SKU-11596,FMCG,Telangana,Warangal,Supermarket,festival,331.37,26,57.0,132,136,4,227.73
2023-09-03,IN-SKU-11597,Perishables,Delhi NCR,Delhi,Convenience Store,,118.46,36,229.0,159,52,4,233.94
2025-10-26,IN-SKU-11598,Personal Care,Tamil Nadu,Coimbatore,Online,festival,682.53,3,144.0,103,111,7,155.25
2025-01-31,IN-SKU-11599,FMCG,Kerala,Kochi,Hypermarket,winter,80.09,38,57.0,179,154,6,176.18
2025-02-25,IN-SKU-11600,Home Care,Tamil Nadu,Chennai,Supermarket,winter,598.4,33,64.0,299,146,9,157.53
2023-10-06,IN-SKU-11601,FMCG,Telangana,Warangal,Supermarket,festival,290.0,26,121.0,301,134,9,213.0
2023-01-04,IN-SKU-11602,Electronics,Tamil Nadu,Coimbatore,Supermarket,winter,16281.87,32,244.0,106,118,5,131.55
2025-09-19,IN-SKU-11603,Personal Care,Karnataka,Bengaluru,Convenience Store,monsoon,611.97,15,95.0,326,51,5,124.77
2024-12-06,IN-SKU-11604,Electronics,Telangana,Warangal,Supermarket,winter,1193.69,12,62.0,32,103,6,123.62
2024-09-25,IN-SKU-11605,FMCG,Kerala,Thiruvananthapuram,Hypermarket,monsoon,361.64,34,222.0,361,73,8,235.21
2024-01-11,IN-SKU-11606,Home Care,Tamil Nadu,Chennai,Supermarket,winter,142.52,6,249.0,302,50,10,214.93
2025-08-12,IN-SKU-11607,Electronics,Telangana,Hyderabad,Supermarket,monsoon,13583.18,26,293.0,61,77,2,144.01
2025-09-25,IN-SKU-11608,Personal Care,Delhi NCR,Delhi,Convenience Store,monsoon,116.39,25,208.0,389,159,7,215.94
2023-05-31,IN-SKU-11609,Staples,Karnataka,Mysuru,Convenience Store,summer,415.33,25,32.0,55,131,5,161.98
2023-11-24,IN-SKU-11610,Home Care,Telangana,Warangal,Online,festival,500.6,7,303.0,373,134,7,250.31
2023-05-02,IN-SKU-11611,Staples,Telangana,Hyderabad,Supermarket,summer,597.31,3,204.0,163,88,3,174.57
2025-06-18,IN-SKU-11612,Electronics,Tamil Nadu,Coimbatore,Convenience Store,summer,24718.54,32,39.0,241,179,3,8.0
2023-11-14,IN-SKU-11613,Perishables,Maharashtra,Pune,Supermarket,festival,130.02,0,263.0,265,118,9,264.93
2024-04-15,IN-SKU-11614,Perishables,Delhi NCR,Gurugram,Hypermarket,summer,261.8,5,319.0,333,47,8,267.63
2023-02-02,IN-SKU-11615,Perishables,Karnataka,Bengaluru,Online,winter,274.7,5,116.0,116,172,7,156.97
2023-06-04,IN-SKU-11616,FMCG,Telangana,Hyderabad,Supermarket,summer,149.93,26,253.0,149,88,9,244.85
2024-05-23,IN-SKU-11617,Personal Care,Tamil Nadu,Chennai,Supermarket,summer,601.35,12,155.0,390,136,3,159.69
2023-09-24,IN-SKU-11618,Personal Care,Delhi NCR,Delhi,Supermarket,monsoon,292.65,5,176.0,316,124,7,188.76
2024-01-29,IN-SKU-11619,Electronics,Karnataka,Bengaluru,Online,winter,6927.37,37,179.0,314,101,4,180.83
2024-01-09,IN-SKU-11620,Perishables,Telangana,Warangal,Convenience Store,winter,31.72,14,127.0,304,127,4,190.11
2023-07-18,IN-SKU-11621,Electronics,Karnataka,Mysuru,Convenience Store,monsoon,27621.91,21,75.0,324,132,3,8.0
2025-01-02,IN-SKU-11622,FMCG,Kerala,Thiruvananthapuram,Online,winter,373.15,8,68.0,278,118,10,139.52
2023-06-07,IN-SKU-11623,Personal Care,Telangana,Hyderabad,Convenience Store,summer,607.78,36,236.0,78,74,5,214.62
2024-01-11,IN-SKU-11624,Personal Care,Delhi NCR,Gurugram,Convenience Store,winter,151.6,36,150.0,264,159,9,175.98
2025-08-16,IN-SKU-11625,Perishables,Delhi NCR,Noida,Supermarket,monsoon,187.97,13,161.0,336,134,5,178.31
2024-12-08,IN-SKU-11626,Home Care,Kerala,Kochi,Supermarket,winter,225.36,2,157.0,98,132,2,157.55
2024-10-08,IN-SKU-11627,Staples,Delhi NCR,Delhi,Convenience Store,festival,122.21,3,210.0,365,124,9,265.62
2024-05-27,IN-SKU-11628,Electronics,Tamil Nadu,Chennai,Supermarket,summer,16614.26,16,249.0,368,66,2,138.74
2025-04-20,IN-SKU-11629,Home Care,Tamil Nadu,Chennai,Convenience Store,summer,201.51,8,269.0,204,169,7,219.22
2023-05-03,IN-SKU-11630,FMCG,Karnataka,Mysuru,Supermarket,summer,46.02,24,119.0,157,105,9,207.0
2025-12-21,IN-SKU-11631,Electronics,Telangana,Warangal,Supermarket,winter,18676.06,24,33.0,232,129,8,15.7
2025-04-17,IN-SKU-11632,FMCG,Kerala,Thiruvananthapuram,Convenience Store,summer,289.08,35,69.0,316,146,2,189.14
2025-05-07,IN-SKU-11633,Home Care,Delhi NCR,Delhi,Supermarket,summer,171.91,20,242.0,289,66,9,191.12
2025-06-04,IN-SKU-11634,Home Care,Karnataka,Mysuru,Convenience Store,summer,419.87,14,251.0,237,85,9,211.98
2025-04-05,IN-SKU-11635,Electronics,Kerala,Thiruvananthapuram,Online,summer,5878.92,19,102.0,165,132,3,102.38
2024-07-15,IN-SKU-11636,Electronics,Tamil Nadu,Chennai,Supermarket,monsoon,12213.68,11,133.0,234,164,10,107.16
2025-01-09,IN-SKU-11637,FMCG,Telangana,Warangal,Hypermarket,winter,114.53,32,115.0,130,140,8,208.87
2023-01-01,IN-SKU-11638,FMCG,Telangana,Warangal,Convenience Store,winter,138.05,34,295.0,22,160,4,270.62
2025-01-24,IN-SKU-11639,FMCG,Karnataka,Mysuru,Hypermarket,winter,393.45,33,286.0,219,52,2,279.28
2023-05-28,IN-SKU-11640,Home Care,Tamil Nadu,Coimbatore,Hypermarket,summer,515.33,36,164.0,67,107,9,182.21
2024-01-13,IN-SKU-11641,Perishables,Maharashtra,Mumbai,Supermarket,winter,177.71,27,239.0,226,159,4,244.35
2024-01-16,IN-SKU-11642,Perishables,Maharashtra,Nagpur,Online,winter,23.15,37,49.0,200,100,3,185.32
2023-10-16,IN-SKU-11643,FMCG,Karnataka,Bengaluru,Convenience Store,festival,192.72,14,292.0,212,77,5,333.9
2023-04-04,IN-SKU-11644,Electronics,Maharashtra,Pune,Hypermarket,summer,16106.97,18,281.0,113,57,7,149.91
2023-02-01,IN-SKU-11645,Staples,Karnataka,Bengaluru,Supermarket,winter,84.48,13,144.0,153,163,5,201.03
2023-04-02,IN-SKU-11646,Staples,Telangana,Warangal,Supermarket,summer,128.29,8,199.0,317,55,9,198.02
2024-04-18,IN-SKU-11647,Personal Care,Delhi NCR,Gurugram,Supermarket,summer,263.46,25,162.0,115,128,7,207.16
2025-12-29,IN-SKU-11648,FMCG,Maharashtra,Pune,Hypermarket,winter,36.26,6,182.0,139,77,6,207.77
2024-03-19,IN-SKU-11649,Staples,Delhi NCR,Noida,Convenience Store,summer,603.5,23,166.0,59,70,7,187.51
2023-12-17,IN-SKU-11650,FMCG,Tamil Nadu,Coimbatore,Convenience Store,winter,321.15,3,188.0,348,81,2,204.37
2025-11-03,IN-SKU-11651,FMCG,Delhi NCR,Gurugram,Online,festival,207.46,14,282.0,44,72,5,317.93
2023-12-31,IN-SKU-11652,Perishables,Karnataka,Mysuru,Supermarket,winter,117.1,34,124.0,277,147,10,242.28
2023-01-12,IN-SKU-11653,Perishables,Kerala,Kozhikode,Hypermarket,winter,179.56,26,140.0,32,125,5,219.99
2023-06-18,IN-SKU-11654,Staples,Telangana,Hyderabad,Hypermarket,summer,511.16,33,134.0,115,48,3,196.12
2024-03-24,IN-SKU-11655,Staples,Kerala,Kozhikode,Hypermarket,summer,225.81,33,79.0,352,133,3,174.26
2024-08-01,IN-SKU-11656,FMCG,Maharashtra,Mumbai,Convenience Store,monsoon,122.77,21,189.0,386,68,2,200.08
2023-10-04,IN-SKU-11657,FMCG,Tamil Nadu,Chennai,Hypermarket,festival,372.18,18,148.0,323,69,2,248.15
2023-02-25,IN-SKU-11658,Perishables,Telangana,Warangal,Supermarket,winter,103.42,29,283.0,133,135,6,275.15
2025-08-24,IN-SKU-11659,Staples,Maharashtra,Pune,Convenience Store,monsoon,512.65,40,125.0,339,142,3,178.59
2024-06-28,IN-SKU-11660,Home Care,Tamil Nadu,Coimbatore,Supermarket,summer,,17,128.0,246,144,9,144.49
2023-11-13,IN-SKU-11661,Electronics,Maharashtra,Pune,Convenience Store,festival,24209.84,29,267.0,364,141,8,99.22
2023-01-17,IN-SKU-11662,FMCG,Delhi NCR,Gurugram,Supermarket,winter,178.93,37,251.0,369,50,3,255.83
2025-10-12,IN-SKU-11663,Perishables,Telangana,Warangal,Supermarket,festival,98.54,35,262.0,217,120,7,293.22
2023-10-30,IN-SKU-11664,Staples,Delhi NCR,Gurugram,Supermarket,festival,229.26,17,264.0,334,73,6,291.18
2025-05-23,IN-SKU-11665,FMCG,Kerala,Kochi,Hypermarket,summer,389.85,35,290.0,322,173,2,264.92
2024-04-17,IN-SKU-11666,Staples,Tamil Nadu,Chennai,Convenience Store,summer,400.62,10,285.0,209,159,5,214.54
2025-08-08,IN-SKU-11667,Home Care,Delhi NCR,Delhi,Supermarket,monsoon,342.41,0,260.0,183,152,10,210.74
2023-03-10,IN-SKU-11668,Electronics,Karnataka,Bengaluru,Supermarket,summer,9910.73,23,217.0,411,174,4,139.77
2025-10-29,IN-SKU-11669,Home Care,Karnataka,Mysuru,Online,festival,617.52,23,265.0,371,179,5,249.39
2024-07-17,IN-SKU-11670,FMCG,Delhi NCR,Noida,Hypermarket,monsoon,303.0,22,268.0,344,158,9,236.93
2024-11-24,IN-SKU-11671,FMCG,Maharashtra,Nagpur,Convenience Store,festival,271.81,36,207.0,245,56,6,290.52
2025-02-07,IN-SKU-11672,Staples,Maharashtra,Nagpur,Supermarket,winter,505.0,15,115.0,351,91,7,161.77
2023-05-10,IN-SKU-11673,Perishables,Telangana,Hyderabad,Convenience Store,summer,75.31,21,258.0,249,120,7,274.43
2025-09-16,IN-SKU-11674,FMCG,Karnataka,Mysuru,Convenience Store,monsoon,197.02,33,243.0,29,114,6,260.9
2023-10-24,IN-SKU-11675,Staples,Kerala,Kozhikode,Online,festival,170.14,9,130.0,416,167,9,207.64
2025-08-15,IN-SKU-11676,Electronics,Karnataka,Bengaluru,Hypermarket,monsoon,12094.25,2,101.0,247,62,4,80.9
2024-09-19,IN-SKU-11677,Home Care,Kerala,Thiruvananthapuram,Supermarket,monsoon,197.37,23,146.0,334,98,2,170.81
2025-03-14,IN-SKU-11678,Staples,Karnataka,Mysuru,Supermarket,summer,196.11,23,246.0,184,97,2,245.47
2024-12-14,IN-SKU-11679,Perishables,Maharashtra,Mumbai,Supermarket,winter,267.21,18,308.0,144,90,5,294.77
2023-10-25,IN-SKU-11680,FMCG,Delhi NCR,Delhi,Convenience Store,festival,366.29,34,115.0,161,171,2,231.28
2025-05-24,IN-SKU-11681,Home Care,Maharashtra,Nagpur,Hypermarket,summer,,10,78.0,97,76,6,118.07
2023-12-30,IN-SKU-11682,Personal Care,Tamil Nadu,Chennai,Hypermarket,winter,770.68,16,36.0,377,158,9,119.86
2023-05-01,IN-SKU-11683,Staples,Karnataka,Bengaluru,Convenience Store,summer,523.89,9,200.0,411,93,10,178.06
2025-11-13,IN-SKU-11684,FMCG,Tamil Nadu,Coimbatore,Supermarket,festival,171.08,9,117.0,141,174,9,220.96
2025-08-08,IN-SKU-11685,FMCG,Delhi NCR,Delhi,Convenience Store,monsoon,75.73,3,131.0,269,158,10,180.42
2025-12-28,IN-SKU-11686,Home Care,Tamil Nadu,Chennai,Supermarket,winter,582.56,26,245.0,115,76,5,215.11
2023-12-02,IN-SKU-11687,Staples,Telangana,Hyderabad,Convenience Store,winter,45.42,18,,93,122,7,214.53
2025-12-29,IN-SKU-11688,Perishables,Karnataka,Bengaluru,Supermarket,winter,213.73,22,,328,94,10,168.14
2023-09-05,IN-SKU-11689,FMCG,Telangana,Hyderabad,Online,monsoon,315.29,20,206.0,313,94,4,187.75
2025-07-10,IN-SKU-11690,Electronics,Tamil Nadu,Chennai,Online,monsoon,26988.57,3,262.0,137,163,2,36.04
2023-09-17,IN-SKU-11691,Home Care,Tamil Nadu,Coimbatore,Supermarket,monsoon,187.48,6,41.0,304,111,3,98.02
2025-07-01,IN-SKU-11692,Electronics,Telangana,Hyderabad,Hypermarket,monsoon,7785.01,12,71.0,27,110,6,117.46
2025-12-30,IN-SKU-11693,Perishables,Maharashtra,Mumbai,Convenience Store,winter,37.42,4,223.0,268,177,3,212.34
2023-06-25,IN-SKU-11694,Electronics,Tamil Nadu,Coimbatore,Convenience Store,summer,4035.06,35,304.0,345,84,8,238.26
2024-06-11,IN-SKU-11695,Home Care,Delhi NCR,Delhi,Hypermarket,summer,564.95,6,47.0,310,116,10,114.11
2025-01-16,IN-SKU-11696,FMCG,Telangana,Warangal,Supermarket,winter,441.76,4,56.0,100,139,5,159.73
2023-09-17,IN-SKU-11697,Perishables,Telangana,Warangal,Online,monsoon,185.95,27,106.0,259,86,2,145.25
2024-03-23,IN-SKU-11698,Staples,Tamil Nadu,Chennai,Convenience Store,summer,81.62,17,156.0,58,88,9,179.81
2024-05-23,IN-SKU-11699,Electronics,Telangana,Hyderabad,Supermarket,summer,8181.55,3,50.0,250,86,9,73.52
2024-06-01,IN-SKU-11700,Staples,Tamil Nadu,Chennai,Supermarket,summer,54.3,0,205.0,101,121,4,186.54
2023-03-05,IN-SKU-11701,Staples,Telangana,Hyderabad,Supermarket,summer,357.93,40,307.0,189,57,6,260.54
2025-02-08,IN-SKU-11702,Staples,Telangana,Hyderabad,Online,winter,490.12,6,48.0,180,152,2,137.66
2025-12-16,IN-SKU-11703,Home Care,Tamil Nadu,Coimbatore,Hypermarket,winter,528.34,11,285.0,293,47,2,238.62
2025-02-06,IN-SKU-11704,Perishables,Karnataka,Mysuru,Online,winter,34.01,12,302.0,150,134,9,290.86
2025-12-18,IN-SKU-11705,Perishables,Delhi NCR,Noida,Online,winter,91.25,1,102.0,379,76,2,151.73
2025-01-20,IN-SKU-11706,FMCG,Karnataka,Bengaluru,Convenience Store,winter,86.4,9,160.0,122,80,7,198.65
2024-01-18,IN-SKU-11707,Home Care,Telangana,Hyderabad,Supermarket,winter,723.9,37,100.0,137,124,10,146.51
2024-10-14,IN-SKU-11708,Electronics,Tamil Nadu,Chennai,Supermarket,festival,5305.81,22,127.0,78,89,3,165.8
2023-03-14,IN-SKU-11709,Perishables,Tamil Nadu,Chennai,Supermarket,summer,131.65,30,268.0,152,67,9,267.5
2024-05-10,IN-SKU-11710,FMCG,Telangana,Warangal,Hypermarket,summer,198.35,22,284.0,308,100,2,264.33
2023-09-21,IN-SKU-11711,Electronics,Tamil Nadu,Coimbatore,Convenience Store,monsoon,6636.88,27,134.0,159,109,2,111.79
2025-11-11,IN-SKU-11712,Electronics,Karnataka,Mysuru,Convenience Store,festival,7927.3,12,291.0,157,169,5,205.97
2024-03-09,IN-SKU-11713,Perishables,Delhi NCR,Gurugram,Convenience Store,summer,250.52,10,54.0,103,135,4,137.82
2024-06-26,IN-SKU-11714,Staples,Kerala,Thiruvananthapuram,Convenience Store,summer,384.43,14,252.0,41,75,8,211.6
2024-10-16,IN-SKU-11715,FMCG,Delhi NCR,Delhi,Supermarket,festival,127.57,1,140.0,282,133,6,216.3
2024-03-08,IN-SKU-11716,Home Care,Karnataka,Bengaluru,Supermarket,summer,281.74,13,49.0,105,84,4,121.35
2023-02-27,IN-SKU-11717,FMCG,Maharashtra,Pune,Convenience Store,winter,181.08,33,288.0,303,95,4,269.38
2025-08-25,IN-SKU-11718,Personal Care,Kerala,Kochi,Convenience Store,,314.73,12,125.0,82,139,6,133.23
2024-06-08,IN-SKU-11719,FMCG,Kerala,Kochi,Convenience Store,summer,420.16,40,226.0,63,69,7,216.21
2025-04-16,IN-SKU-11720,Perishables,Karnataka,Mysuru,Supermarket,summer,89.85,40,191.0,247,62,4,243.46
2024-10-30,IN-SKU-11721,Staples,Maharashtra,Pune,Supermarket,festival,428.8,25,221.0,196,87,8,284.17
2024-05-07,IN-SKU-11722,Electronics,Telangana,Hyderabad,Supermarket,summer,26525.32,39,252.0,62,111,10,95.36
2023-03-26,IN-SKU-11723,Perishables,Karnataka,Mysuru,Hypermarket,summer,79.17,38,182.0,341,159,5,254.15
2025-11-26,IN-SKU-11724,Personal Care,Kerala,Kozhikode,Convenience Store,festival,377.35,30,199.0,280,158,5,217.11
2024-11-14,IN-SKU-11725,FMCG,Delhi NCR,Delhi,Online,festival,60.2,10,290.0,264,51,5,334.44
2025-03-02,IN-SKU-11726,Staples,Tamil Nadu,Coimbatore,Hypermarket,summer,46.73,29,95.0,400,154,8,186.93
2024-07-08,IN-SKU-11727,Electronics,Karnataka,Bengaluru,Supermarket,monsoon,16569.81,12,158.0,50,173,4,61.59
2023-07-20,IN-SKU-11728,Personal Care,Maharashtra,Mumbai,Supermarket,monsoon,300.92,32,61.0,339,135,6,148.81
2025-03-04,IN-SKU-11729,Personal Care,Karnataka,Bengaluru,Supermarket,summer,89.76,19,,295,53,7,171.27
2024-11-15,IN-SKU-11730,FMCG,Telangana,Warangal,Hypermarket,festival,211.0,28,91.0,228,160,10,214.26
2024-08-27,IN-SKU-11731,Staples,Maharashtra,Pune,Supermarket,monsoon,414.48,16,245.0,402,158,4,237.84
2025-08-17,IN-SKU-11732,Perishables,Telangana,Hyderabad,Supermarket,monsoon,212.71,36,31.0,239,131,4,137.1
2024-09-30,IN-SKU-11733,FMCG,Karnataka,Mysuru,Online,monsoon,348.15,21,296.0,308,75,8,246.56
2023-06-04,IN-SKU-11734,Staples,Kerala,Kochi,Hypermarket,summer,47.37,1,274.0,77,63,6,242.92
2023-12-23,IN-SKU-11735,Personal Care,Karnataka,Mysuru,Convenience Store,winter,778.0,6,115.0,33,171,9,117.92
2023-08-07,IN-SKU-11736,Home Care,Tamil Nadu,Coimbatore,Online,monsoon,471.65,27,291.0,276,78,5,228.28
2023-11-01,IN-SKU-11737,Perishables,Tamil Nadu,Coimbatore,Supermarket,festival,233.59,40,38.0,273,160,9,187.2
2023-05-26,IN-SKU-11738,FMCG,Maharashtra,Pune,Convenience Store,summer,339.06,33,214.0,183,54,5,230.24
2023-08-30,IN-SKU-11739,Electronics,Maharashtra,Pune,Supermarket,monsoon,7628.06,11,312.0,54,136,4,195.79
2023-01-20,IN-SKU-11740,Home Care,Tamil Nadu,Coimbatore,Online,winter,91.29,36,205.0,66,59,5,243.38
2025-05-30,IN-SKU-11741,Personal Care,Telangana,Hyderabad,Supermarket,summer,566.33,33,312.0,143,122,2,262.66
2023-02-09,IN-SKU-11742,Personal Care,Kerala,Thiruvananthapuram,Convenience Store,winter,313.67,17,49.0,350,59,3,104.01
2023-03-14,IN-SKU-11743,Home Care,Delhi NCR,Gurugram,Convenience Store,summer,714.37,0,90.0,148,148,4,86.49
2023-07-02,IN-SKU-11744,Staples,Delhi NCR,Delhi,Supermarket,monsoon,464.86,17,271.0,339,169,10,223.6
2024-07-16,IN-SKU-11745,Staples,Maharashtra,Mumbai,Hypermarket,monsoon,503.52,20,202.0,50,120,10,212.61
2023-04-01,IN-SKU-11746,Perishables,Tamil Nadu,Chennai,Supermarket,summer,224.33,21,169.0,235,63,3,208.51
2024-09-03,IN-SKU-11747,Personal Care,Telangana,Warangal,Supermarket,monsoon,310.79,2,318.0,174,132,4,230.11
2025-12-03,IN-SKU-11748,Home Care,Telangana,Hyderabad,Hypermarket,winter,562.33,0,307.0,21,113,7,252.32
2024-05-16,IN-SKU-11749,FMCG,Kerala,Kochi,Online,summer,276.05,34,138.0,27,119,3,191.56
2024-10-23,IN-SKU-11750,FMCG,Telangana,Hyderabad,Online,festival,172.83,20,164.0,333,97,8,258.77
2025-03-05,IN-SKU-11751,Perishables,Delhi NCR,Delhi,Convenience Store,summer,31.71,7,235.0,21,58,2,252.08
2024-12-15,IN-SKU-11752,Electronics,Karnataka,Bengaluru,Convenience Store,winter,22729.46,17,267.0,28,54,8,77.65
2025-11-15,IN-SKU-11753,Perishables,Karnataka,Bengaluru,Online,festival,44.21,25,253.0,212,104,6,281.45
2025-05-26,IN-SKU-11754,Perishables,Tamil Nadu,Chennai,Hypermarket,summer,177.67,31,130.0,266,107,7,211.93
2024-02-21,IN-SKU-11755,Home Care,Tamil Nadu,Coimbatore,Supermarket,winter,706.83,4,201.0,31,50,10,170.12
2023-06-09,IN-SKU-11756,Personal Care,Delhi NCR,Noida,Hypermarket,summer,565.73,38,148.0,53,80,2,226.16
2025-01-03,IN-SKU-11757,Electronics,Telangana,Hyderabad,Online,winter,10206.98,7,98.0,342,69,10,103.24
2023-11-04,IN-SKU-11758,FMCG,Delhi NCR,Noida,Convenience Store,festival,444.71,31,131.0,372,80,2,214.84
2025-10-01,IN-SKU-11759,Staples,Karnataka,Bengaluru,Supermarket,festival,284.02,3,294.0,112,93,2,314.21
2025-01-22,IN-SKU-11760,Personal Care,Karnataka,Mysuru,Online,winter,892.47,39,212.0,332,174,10,209.01
2025-08-15,IN-SKU-11761,Personal Care,Telangana,Hyderabad,Convenience Store,monsoon,842.51,33,46.0,401,144,6,120.22
2025-07-03,IN-SKU-11762,Personal Care,Karnataka,Mysuru,Convenience Store,monsoon,755.94,14,73.0,92,111,3,87.21
2023-02-18,IN-SKU-11763,Home Care,Maharashtra,Pune,Online,winter,630.79,13,20.0,247,164,6,101.19
2024-04-29,IN-SKU-11764,Personal Care,Kerala,Kozhikode,Supermarket,summer,599.95,38,305.0,43,76,4,239.83
2025-08-13,IN-SKU-11765,FMCG,Maharashtra,Mumbai,Convenience Store,monsoon,71.2,36,205.0,268,134,4,253.07
2025-10-27,IN-SKU-11766,FMCG,Tamil Nadu,Chennai,Convenience Store,festival,241.24,15,43.0,402,162,6,170.35
2023-04-22,IN-SKU-11767,Personal Care,Delhi NCR,Delhi,Supermarket,summer,399.87,23,213.0,120,46,10,195.24
2023-10-01,IN-SKU-11768,Perishables,Telangana,Warangal,Supermarket,festival,218.73,0,,91,52,3,204.18
2023-08-14,IN-SKU-11769,Personal Care,Kerala,Kochi,Convenience Store,monsoon,296.45,36,57.0,321,61,5,115.57
2024-11-18,IN-SKU-11770,Home Care,Delhi NCR,Gurugram,Hypermarket,festival,237.62,14,35.0,266,54,4,137.35
2023-04-04,IN-SKU-11771,Staples,Tamil Nadu,Coimbatore,Convenience Store,summer,328.51,18,283.0,50,90,2,247.78
2025-12-22,IN-SKU-11772,FMCG,Telangana,Hyderabad,Supermarket,winter,98.9,29,237.0,251,77,10,262.21
2025-11-06,IN-SKU-11773,FMCG,Telangana,Warangal,Convenience Store,festival,234.97,39,193.0,402,131,10,268.49
2025-09-28,IN-SKU-11774,FMCG,Kerala,Kozhikode,Supermarket,monsoon,433.16,9,256.0,117,109,9,230.01
2025-02-07,IN-SKU-11775,Personal Care,Kerala,Thiruvananthapuram,Supermarket,winter,502.13,18,83.0,21,141,8,168.67
2024-01-29,IN-SKU-11776,Personal Care,Delhi NCR,Noida,Online,winter,601.45,7,308.0,417,121,8,258.57
2025-04-17,IN-SKU-11777,Electronics,Karnataka,Bengaluru,Online,summer,3661.57,20,110.0,124,59,8,150.35
2023-11-21,IN-SKU-11778,FMCG,Telangana,Warangal,Online,festival,238.79,21,77.0,128,49,8,212.87
2025-09-24,IN-SKU-11779,Electronics,Kerala,Kochi,Convenience Store,monsoon,20290.36,13,153.0,412,132,4,35.85
2025-10-19,IN-SKU-11780,Personal Care,Delhi NCR,Delhi,Convenience Store,festival,415.85,36,172.0,96,152,8,242.31
2025-02-08,IN-SKU-11781,FMCG,Kerala,Kochi,Online,winter,151.81,38,28.0,36,120,6,159.46
2023-07-12,IN-SKU-11782,Staples,Telangana,Hyderabad,Supermarket,monsoon,255.58,27,50.0,45,134,4,160.5
2024-01-24,IN-SKU-11783,Home Care,Tamil Nadu,Chennai,Hypermarket,winter,289.45,35,21.0,278,64,8,138.33
2025-10-17,IN-SKU-11784,FMCG,Delhi NCR,Delhi,Online,festival,161.99,7,138.0,52,118,2,255.65
2025-09-06,IN-SKU-11785,Perishables,Tamil Nadu,Coimbatore,Hypermarket,monsoon,178.92,19,96.0,80,140,5,192.13
2025-03-20,IN-SKU-11786,Staples,Delhi NCR,Gurugram,Convenience Store,summer,605.45,34,27.0,184,152,4,103.13
2025-07-18,IN-SKU-11787,Perishables,Delhi NCR,Delhi,Online,monsoon,27.61,32,76.0,266,69,9,174.39
2023-05-21,IN-SKU-11788,Staples,Telangana,Warangal,Supermarket,summer,567.7,16,121.0,99,136,9,185.69
2023-03-22,IN-SKU-11789,FMCG,Delhi NCR,Noida,Online,summer,263.62,8,129.0,99,174,5,207.74
2025-09-13,IN-SKU-11790,FMCG,Telangana,Warangal,Supermarket,monsoon,81.1,3,88.0,66,115,8,184.64
2024-10-14,IN-SKU-11791,Perishables,Kerala,Kochi,Online,festival,256.11,33,307.0,92,134,8,276.25
2025-09-08,IN-SKU-11792,FMCG,Maharashtra,Pune,Convenience Store,monsoon,368.94,3,97.0,393,168,6,157.55
2024-09-19,IN-SKU-11793,Electronics,Kerala,Kochi,Convenience Store,monsoon,19427.01,2,224.0,134,49,3,64.01
2023-01-23,IN-SKU-11794,FMCG,Tamil Nadu,Chennai,Supermarket,winter,92.33,19,198.0,339,131,6,235.82
2023-06-20,IN-SKU-11795,Electronics,Telangana,Warangal,Convenience Store,summer,13797.53,2,192.0,244,88,8,59.54
2024-10-17,IN-SKU-11796,Staples,Telangana,Hyderabad,Supermarket,festival,486.01,10,190.0,232,85,8,219.7
2025-04-01,IN-SKU-11797,Personal Care,Karnataka,Bengaluru,Hypermarket,summer,235.04,0,20.0,302,112,6,109.28
2025-05-04,IN-SKU-11798,Staples,Kerala,Thiruvananthapuram,Supermarket,summer,358.85,26,174.0,349,71,7,208.41
2023-06-27,IN-SKU-11799,Perishables,Delhi NCR,Gurugram,Online,summer,55.87,36,276.0,93,132,10,313.88
2024-10-23,IN-SKU-11800,Staples,Maharashtra,Pune,Supermarket,festival,621.26,34,184.0,372,136,2,268.14
2024-05-24,IN-SKU-11801,Staples,Telangana,Warangal,Supermarket,summer,280.32,13,264.0,89,168,2,264.94
2023-12-17,IN-SKU-11802,FMCG,Maharashtra,Mumbai,Convenience Store,winter,71.24,7,266.0,342,98,6,239.66
2025-08-26,IN-SKU-11803,Electronics,Delhi NCR,Delhi,Supermarket,monsoon,18831.24,1,72.0,346,176,10,8.0
2023-08-18,IN-SKU-11804,Personal Care,Delhi NCR,Delhi,Supermarket,monsoon,165.49,3,64.0,394,173,3,135.62
2024-02-18,IN-SKU-11805,Perishables,Delhi NCR,Gurugram,Hypermarket,winter,208.91,33,222.0,205,154,8,252.32
2024-02-01,IN-SKU-11806,Perishables,Karnataka,Mysuru,Supermarket,winter,,13,148.0,190,147,7,191.12
2023-09-23,IN-SKU-11807,FMCG,Telangana,Warangal,Convenience Store,monsoon,215.99,16,144.0,370,131,2,174.18
2024-09-23,IN-SKU-11808,Electronics,Kerala,Kozhikode,Convenience Store,monsoon,21440.05,39,289.0,405,141,7,74.86
2024-12-18,IN-SKU-11809,Staples,Tamil Nadu,Coimbatore,Supermarket,winter,531.55,24,216.0,100,75,4,219.99
2023-02-24,IN-SKU-11810,Personal Care,Kerala,Kochi,Supermarket,winter,140.3,23,97.0,262,153,2,171.52
2025-09-11,IN-SKU-11811,FMCG,Tamil Nadu,Coimbatore,Online,monsoon,242.85,13,50.0,233,76,5,151.6
2023-04-25,IN-SKU-11812,FMCG,Maharashtra,Pune,Hypermarket,summer,377.28,25,319.0,168,68,7,286.97
2024-12-24,IN-SKU-11813,Personal Care,Telangana,Hyderabad,Hypermarket,winter,700.1,36,122.0,228,86,4,208.76
2025-10-27,IN-SKU-11814,Staples,Telangana,Hyderabad,Supermarket,festival,67.57,36,145.0,220,135,10,251.81
2024-02-22,IN-SKU-11815,Electronics,Kerala,Kochi,Convenience Store,winter,18322.54,26,265.0,86,117,3,114.71
2023-01-18,IN-SKU-11816,Perishables,Kerala,Kochi,Online,winter,42.3,40,157.0,160,122,2,200.14
2023-05-16,IN-SKU-11817,Home Care,Karnataka,Mysuru,Online,summer,402.87,20,314.0,48,48,10,245.17
2025-07-24,IN-SKU-11818,Electronics,Karnataka,Bengaluru,Supermarket,monsoon,22990.95,23,187.0,216,65,3,61.4
2023-01-12,IN-SKU-11819,Staples,Kerala,Thiruvananthapuram,Supermarket,winter,504.72,31,219.0,399,96,10,218.39
2024-06-23,IN-SKU-11820,Staples,Kerala,Kochi,Supermarket,summer,641.94,27,236.0,263,161,8,233.46
2024-07-27,IN-SKU-11821,FMCG,Maharashtra,Nagpur,Supermarket,monsoon,43.86,13,246.0,110,161,4,240.95
2024-04-05,IN-SKU-11822,Staples,Telangana,Hyderabad,Online,summer,338.07,29,133.0,137,149,7,186.97
2024-02-19,IN-SKU-11823,Personal Care,Tamil Nadu,Coimbatore,Hypermarket,winter,147.87,7,57.0,132,100,2,110.72
2024-08-16,IN-SKU-11824,FMCG,Telangana,Warangal,Convenience Store,monsoon,364.22,19,288.0,374,73,8,239.12
2024-06-06,IN-SKU-11825,FMCG,Delhi NCR,Noida,Supermarket,summer,350.52,5,228.0,414,148,3,214.47
2025-06-01,IN-SKU-11826,FMCG,Kerala,Kozhikode,Online,summer,247.71,32,254.0,350,97,9,244.11
2024-01-08,IN-SKU-11827,Home Care,Kerala,Kozhikode,Convenience Store,winter,226.16,33,311.0,398,95,3,274.27
2024-08-26,IN-SKU-11828,Staples,Karnataka,Bengaluru,Supermarket,monsoon,377.22,15,219.0,63,103,8,228.42
2024-06-08,IN-SKU-11829,Perishables,Tamil Nadu,Chennai,Online,summer,64.75,40,59.0,311,82,10,198.41
2025-11-20,IN-SKU-11830,Staples,Telangana,Warangal,Supermarket,festival,213.64,8,69.0,148,170,7,163.99
2023-11-03,IN-SKU-11831,Staples,Karnataka,Mysuru,Hypermarket,festival,446.64,23,275.0,84,107,7,332.76
2025-01-11,IN-SKU-11832,FMCG,Kerala,Kochi,Supermarket,winter,66.09,20,31.0,249,153,2,156.08
2024-06-19,IN-SKU-11833,FMCG,Delhi NCR,Delhi,Hypermarket,summer,400.85,11,139.0,63,92,8,165.96
2024-03-21,IN-SKU-11834,Staples,Delhi NCR,Gurugram,Supermarket,summer,336.99,38,85.0,211,92,9,152.31
2023-09-18,IN-SKU-11835,FMCG,Delhi NCR,Gurugram,Hypermarket,monsoon,141.9,3,24.0,321,69,7,132.83
2025-12-08,IN-SKU-11836,Personal Care,Karnataka,Bengaluru,Supermarket,winter,492.01,40,290.0,41,122,9,266.41
2024-09-02,IN-SKU-11837,Electronics,Tamil Nadu,Chennai,Supermarket,monsoon,2065.14,6,44.0,203,74,10,89.5
2023-10-02,IN-SKU-11838,Home Care,Delhi NCR,Gurugram,Online,festival,100.35,0,237.0,419,53,4,223.46
2025-05-30,IN-SKU-11839,Perishables,Delhi NCR,Noida,Supermarket,summer,153.26,29,131.0,151,125,5,208.77
2024-06-05,IN-SKU-11840,Perishables,Tamil Nadu,Coimbatore,Supermarket,summer,49.25,13,207.0,63,50,9,223.02
2023-10-31,IN-SKU-11841,Perishables,Maharashtra,Mumbai,Hypermarket,festival,50.84,35,218.0,163,179,7,296.26
2025-03-19,IN-SKU-11842,Home Care,Delhi NCR,Delhi,Convenience Store,summer,389.94,25,226.0,285,110,2,215.88
2024-12-29,IN-SKU-11843,FMCG,Telangana,Warangal,Supermarket,winter,41.27,22,67.0,27,89,2,186.42
2023-04-02,IN-SKU-11844,Home Care,Kerala,Kochi,Supermarket,summer,359.25,40,149.0,164,170,8,182.17
2023-04-21,IN-SKU-11845,Personal Care,Karnataka,Bengaluru,Supermarket,summer,761.79,14,309.0,137,151,10,246.11
2025-02-08,IN-SKU-11846,Home Care,Kerala,Kozhikode,Hypermarket,winter,,3,207.0,194,82,9,205.15
2023-10-31,IN-SKU-11847,Personal Care,Telangana,Warangal,Supermarket,festival,681.1,20,214.0,217,77,6,199.2
2023-03-15,IN-SKU-11848,Perishables,Delhi NCR,Noida,Hypermarket,summer,259.19,4,264.0,174,157,3,244.23
2023-07-23,IN-SKU-11849,Perishables,Telangana,Hyderabad,Convenience Store,monsoon,126.52,25,258.0,401,160,9,223.54
2025-05-11,IN-SKU-11850,Home Care,Tamil Nadu,Coimbatore,Convenience Store,summer,180.33,6,280.0,190,156,8,200.33
2025-05-21,IN-SKU-11851,Perishables,Tamil Nadu,Chennai,Supermarket,summer,46.21,38,216.0,168,169,10,242.71
2025-11-09,IN-SKU-11852,Staples,Kerala,Thiruvananthapuram,Supermarket,festival,342.23,26,158.0,238,125,10,241.47
2025-08-09,IN-SKU-11853,Personal Care,Karnataka,Mysuru,Hypermarket,monsoon,245.42,11,216.0,177,147,3,209.41
2024-08-23,IN-SKU-11854,FMCG,Kerala,Thiruvananthapuram,Online,,373.6,37,51.0,232,127,10,201.53
2024-03-30,IN-SKU-11855,Personal Care,Kerala,Thiruvananthapuram,Online,summer,770.83,38,265.0,310,147,9,232.06
2024-11-26,IN-SKU-11856,Staples,Karnataka,Mysuru,Supermarket,festival,619.33,3,214.0,242,99,8,233.06
2023-12-10,IN-SKU-11857,Personal Care,Kerala,Kozhikode,Hypermarket,winter,272.3,27,177.0,204,172,3,213.16
2024-03-26,IN-SKU-11858,FMCG,Tamil Nadu,Chennai,Online,summer,446.69,13,58.0,294,147,2,143.36
2025-01-28,IN-SKU-11859,Electronics,Delhi NCR,Gurugram,Supermarket,winter,14104.14,38,288.0,290,77,2,182.07
2025-04-17,IN-SKU-11860,Home Care,Maharashtra,Pune,Supermarket,summer,187.18,25,175.0,244,110,7,200.37
2025-01-25,IN-SKU-11861,Personal Care,Tamil Nadu,Chennai,Hypermarket,winter,421.9,9,197.0,298,153,8,170.68
2023-10-17,IN-SKU-11862,Staples,Kerala,Kochi,Hypermarket,festival,310.61,17,83.0,309,157,10,207.77
2023-11-21,IN-SKU-11863,Personal Care,Karnataka,Mysuru,Hypermarket,festival,841.0,2,300.0,358,155,2,253.3
2025-03-23,IN-SKU-11864,FMCG,Karnataka,Bengaluru,Online,summer,309.56,35,110.0,419,146,7,191.72
2025-10-13,IN-SKU-11865,Personal Care,Maharashtra,Pune,Supermarket,festival,700.55,22,215.0,129,104,8,223.26
2024-03-13,IN-SKU-11866,Staples,Tamil Nadu,Coimbatore,Hypermarket,summer,288.24,35,123.0,369,100,7,192.45
2025-04-20,IN-SKU-11867,Home Care,Telangana,Hyderabad,Supermarket,summer,250.68,26,51.0,84,149,5,149.46
2024-11-08,IN-SKU-11868,Personal Care,Karnataka,Bengaluru,Convenience Store,festival,390.51,2,93.0,325,151,2,129.33
2023-09-06,IN-SKU-11869,FMCG,Tamil Nadu,Coimbatore,Supermarket,monsoon,397.19,36,162.0,176,84,10,199.77
2024-10-30,IN-SKU-11870,Personal Care,Karnataka,Mysuru,Hypermarket,festival,867.14,38,226.0,42,117,6,264.72
2025-10-23,IN-SKU-11871,FMCG,Telangana,Hyderabad,Supermarket,festival,291.45,25,105.0,233,109,4,205.76
2023-01-14,IN-SKU-11872,Home Care,Delhi NCR,Noida,Supermarket,winter,300.7,3,127.0,102,135,4,154.77
2024-02-25,IN-SKU-11873,Electronics,Tamil Nadu,Coimbatore,Hypermarket,winter,4298.16,40,23.0,232,57,6,130.75
2023-12-28,IN-SKU-11874,Electronics,Telangana,Hyderabad,Hypermarket,winter,20416.2,17,158.0,169,119,4,59.63
2025-09-13,IN-SKU-11875,Perishables,Tamil Nadu,Coimbatore,Supermarket,monsoon,20.36,17,53.0,85,60,4,133.55
2024-03-05,IN-SKU-11876,Electronics,Tamil Nadu,Coimbatore,Online,summer,8002.97,29,63.0,81,108,10,126.06
2023-10-24,IN-SKU-11877,Personal Care,Kerala,Kochi,Convenience Store,festival,720.58,21,191.0,360,153,4,169.59
2023-03-22,IN-SKU-11878,Electronics,Karnataka,Mysuru,Online,summer,23780.6,9,293.0,172,89,7,97.01
2023-12-04,IN-SKU-11879,Electronics,Delhi NCR,Gurugram,Online,winter,17945.21,33,62.0,85,52,9,54.48
2023-01-17,IN-SKU-11880,Personal Care,Telangana,Hyderabad,Supermarket,winter,804.04,37,199.0,313,56,8,204.51
2024-09-19,IN-SKU-11881,Home Care,Maharashtra,Mumbai,Online,monsoon,677.79,22,46.0,412,45,5,119.19
2024-01-02,IN-SKU-11882,Electronics,Tamil Nadu,Chennai,Online,winter,6254.18,37,66.0,43,134,4,161.53
2023-09-02,IN-SKU-11883,Staples,Maharashtra,Nagpur,Convenience Store,monsoon,295.59,19,115.0,286,139,9,170.47
2025-09-29,IN-SKU-11884,Home Care,Maharashtra,Mumbai,Supermarket,monsoon,459.0,38,198.0,70,57,2,225.73
2025-05-29,IN-SKU-11885,Home Care,Karnataka,Bengaluru,Hypermarket,summer,507.74,7,109.0,43,87,6,159.63
2023-02-20,IN-SKU-11886,FMCG,Karnataka,Bengaluru,Convenience Store,winter,236.26,34,219.0,163,116,10,239.82
2024-03-27,IN-SKU-11887,FMCG,Maharashtra,Pune,Supermarket,summer,413.67,32,99.0,252,62,2,194.35
2025-10-07,IN-SKU-11888,Perishables,Karnataka,Bengaluru,Convenience Store,festival,270.64,22,64.0,78,136,2,173.6
2025-12-31,IN-SKU-11889,FMCG,Tamil Nadu,Coimbatore,Convenience Store,winter,447.81,5,48.0,365,164,10,115.58
2023-03-06,IN-SKU-11890,Personal Care,Karnataka,Mysuru,Supermarket,summer,464.63,11,80.0,351,120,4,136.59
2025-02-13,IN-SKU-11891,FMCG,Kerala,Kozhikode,Convenience Store,winter,270.42,40,284.0,136,105,4,286.04
2025-01-08,IN-SKU-11892,Electronics,Maharashtra,Pune,Supermarket,winter,1194.73,6,103.0,183,112,5,126.12
2025-11-01,IN-SKU-11893,FMCG,Tamil Nadu,Coimbatore,Convenience Store,festival,184.99,33,146.0,394,131,7,257.01
2025-10-04,IN-SKU-11894,Staples,Kerala,Kochi,Convenience Store,festival,101.06,11,295.0,307,62,5,255.92
2023-04-29,IN-SKU-11895,Staples,Tamil Nadu,Coimbatore,Online,summer,630.72,12,104.0,280,77,4,180.07
2025-11-16,IN-SKU-11896,Home Care,Maharashtra,Nagpur,Supermarket,festival,372.95,20,195.0,230,168,6,205.66
2024-08-06,IN-SKU-11897,Home Care,Tamil Nadu,Coimbatore,Hypermarket,monsoon,108.76,11,,332,126,8,250.65
2023-09-02,IN-SKU-11898,Perishables,Karnataka,Mysuru,Online,monsoon,105.9,40,231.0,172,109,10,226.96
2023-08-15,IN-SKU-11899,FMCG,Maharashtra,Nagpur,Supermarket,monsoon,417.18,38,217.0,95,54,4,228.71
2025-09-03,IN-SKU-11900,Staples,Delhi NCR,Noida,Supermarket,monsoon,465.49,2,300.0,352,64,9,244.85
2025-02-26,IN-SKU-11901,FMCG,Maharashtra,Nagpur,Convenience Store,winter,187.42,35,318.0,223,45,6,283.92
2024-05-15,IN-SKU-11902,Home Care,Delhi NCR,Delhi,Convenience Store,summer,366.36,23,37.0,307,148,2,132.75
2025-04-18,IN-SKU-11903,FMCG,Telangana,Hyderabad,Convenience Store,summer,332.96,30,126.0,123,75,6,168.3
2024-07-29,IN-SKU-11904,Home Care,Karnataka,Bengaluru,Supermarket,monsoon,566.79,30,114.0,355,52,5,151.95
2023-07-08,IN-SKU-11905,Electronics,Karnataka,Mysuru,Supermarket,monsoon,4380.46,13,213.0,225,72,5,188.54
2024-11-04,IN-SKU-11906,Staples,Maharashtra,Mumbai,Supermarket,festival,283.02,35,292.0,374,51,2,328.53
2024-08-21,IN-SKU-11907,Home Care,Maharashtra,Mumbai,Online,monsoon,135.4,8,,311,154,4,217.43
2024-09-03,IN-SKU-11908,FMCG,Karnataka,Mysuru,Hypermarket,monsoon,167.2,38,266.0,53,173,2,291.36
2024-01-12,IN-SKU-11909,Perishables,Telangana,Hyderabad,Convenience Store,winter,94.56,9,140.0,238,47,5,182.47
2024-03-04,IN-SKU-11910,Home Care,Telangana,Hyderabad,Convenience Store,summer,426.33,36,40.0,304,139,7,133.04
2023-03-14,IN-SKU-11911,Personal Care,Maharashtra,Mumbai,Supermarket,summer,610.55,9,265.0,147,147,10,204.37
2023-07-21,IN-SKU-11912,Personal Care,Kerala,Kochi,Online,monsoon,895.32,33,80.0,297,71,8,157.77
2024-06-09,IN-SKU-11913,Personal Care,Telangana,Warangal,Convenience Store,summer,327.54,14,55.0,251,70,4,126.62
2023-04-25,IN-SKU-11914,Home Care,Maharashtra,Mumbai,Convenience Store,summer,86.97,11,161.0,194,109,3,164.15
2024-06-05,IN-SKU-11915,FMCG,Kerala,Kozhikode,Supermarket,summer,421.6,13,312.0,22,162,2,288.59
2025-11-11,IN-SKU-11916,Perishables,Karnataka,Mysuru,Hypermarket,festival,183.16,27,78.0,417,118,8,204.14
2023-08-15,IN-SKU-11917,Perishables,Delhi NCR,Delhi,Supermarket,monsoon,26.72,17,99.0,177,156,3,177.49
2023-04-08,IN-SKU-11918,Perishables,Delhi NCR,Noida,Online,summer,244.88,37,298.0,302,46,7,297.33
2025-09-18,IN-SKU-11919,Electronics,Delhi NCR,Delhi,Convenience Store,monsoon,6462.21,20,135.0,407,148,10,95.4
2025-10-12,IN-SKU-11920,Perishables,Delhi NCR,Noida,Hypermarket,festival,239.38,4,171.0,43,154,10,240.87
2024-04-17,IN-SKU-11921,Home Care,Telangana,Warangal,Supermarket,summer,635.66,9,296.0,272,84,3,211.91
2024-01-22,IN-SKU-11922,FMCG,Karnataka,Bengaluru,Convenience Store,winter,35.49,15,102.0,282,61,9,173.74
2025-07-29,IN-SKU-11923,Staples,Maharashtra,Pune,Hypermarket,monsoon,124.3,11,204.0,419,133,10,223.55
2023-09-18,IN-SKU-11924,Electronics,Karnataka,Mysuru,Supermarket,monsoon,6256.58,36,54.0,328,117,10,106.6
2023-01-18,IN-SKU-11925,Perishables,Maharashtra,Nagpur,Hypermarket,winter,134.89,24,244.0,218,162,10,276.64
2025-06-23,IN-SKU-11926,Personal Care,Delhi NCR,Delhi,Hypermarket,summer,816.18,32,165.0,392,161,4,188.65
2023-02-05,IN-SKU-11927,Personal Care,Maharashtra,Mumbai,Convenience Store,winter,880.04,30,,159,110,4,179.39
2023-09-01,IN-SKU-11928,FMCG,Karnataka,Mysuru,Online,monsoon,367.8,36,51.0,358,73,6,190.3
2025-11-07,IN-SKU-11929,Personal Care,Telangana,Hyderabad,Supermarket,festival,333.3,11,299.0,311,170,7,268.69
2024-09-13,IN-SKU-11930,Personal Care,Maharashtra,Pune,Hypermarket,monsoon,154.76,10,254.0,38,100,3,246.19
2023-09-30,IN-SKU-11931,FMCG,Karnataka,Mysuru,Online,monsoon,420.62,12,164.0,28,69,2,197.77
2024-06-23,IN-SKU-11932,FMCG,Telangana,Warangal,Supermarket,summer,151.46,6,,218,108,10,241.99
2023-12-20,IN-SKU-11933,Perishables,Delhi NCR,Noida,Convenience Store,winter,202.6,2,260.0,184,132,9,237.79
2023-12-07,IN-SKU-11934,Perishables,Karnataka,Bengaluru,Supermarket,winter,266.56,14,38.0,128,121,8,173.33
2024-07-02,IN-SKU-11935,FMCG,Karnataka,Mysuru,Convenience Store,monsoon,138.79,27,306.0,112,101,10,262.22
2024-08-27,IN-SKU-11936,Home Care,Maharashtra,Pune,Supermarket,monsoon,725.11,14,108.0,270,66,6,128.8
2025-01-18,IN-SKU-11937,Personal Care,Karnataka,Mysuru,Hypermarket,winter,569.57,30,140.0,48,179,7,172.68
2024-11-30,IN-SKU-11938,Staples,Delhi NCR,Delhi,Supermarket,festival,384.85,1,244.0,314,100,8,251.4
2023-09-16,IN-SKU-11939,Perishables,Maharashtra,Pune,Online,monsoon,223.55,20,52.0,117,53,4,135.63
2023-02-22,IN-SKU-11940,Perishables,Maharashtra,Nagpur,Convenience Store,winter,188.66,23,92.0,334,72,2,165.49
2024-04-21,IN-SKU-11941,Perishables,Telangana,Hyderabad,Convenience Store,summer,89.53,24,190.0,23,112,7,237.65
2025-08-15,IN-SKU-11942,Personal Care,Kerala,Kochi,Hypermarket,monsoon,788.34,20,140.0,397,158,8,153.04
2023-10-01,IN-SKU-11943,Home Care,Kerala,Kozhikode,Supermarket,festival,241.5,27,63.0,324,65,10,156.49
2024-09-27,IN-SKU-11944,Electronics,Karnataka,Bengaluru,Supermarket,monsoon,8973.42,31,124.0,269,74,7,104.51
2023-07-30,IN-SKU-11945,FMCG,Tamil Nadu,Coimbatore,Hypermarket,monsoon,90.82,22,128.0,180,155,10,200.98
2025-03-30,IN-SKU-11946,FMCG,Delhi NCR,Gurugram,Convenience Store,summer,73.88,36,263.0,371,57,8,284.54
2024-05-13,IN-SKU-11947,Staples,Kerala,Kozhikode,Supermarket,summer,451.7,10,161.0,91,61,10,168.15
2025-04-15,IN-SKU-11948,Home Care,Karnataka,Bengaluru,Supermarket,summer,493.22,21,142.0,97,58,4,175.45
2023-01-05,IN-SKU-11949,Electronics,Kerala,Thiruvananthapuram,Online,winter,2563.75,6,189.0,78,58,6,175.23
2023-03-24,IN-SKU-11950,Electronics,Maharashtra,Pune,Hypermarket,summer,2039.53,22,303.0,76,58,9,241.44
2024-12-18,IN-SKU-11951,FMCG,Telangana,Hyderabad,Supermarket,winter,245.87,7,272.0,70,112,2,234.32
2024-03-20,IN-SKU-11952,Perishables,Maharashtra,Mumbai,Convenience Store,summer,110.82,21,219.0,387,52,4,235.54
2023-03-05,IN-SKU-11953,FMCG,Telangana,Hyderabad,Convenience Store,summer,316.19,2,311.0,303,56,2,233.83
2023-03-19,IN-SKU-11954,Staples,Delhi NCR,Delhi,Online,summer,153.32,32,290.0,419,72,5,289.01
2024-06-01,IN-SKU-11955,Home Care,Maharashtra,Pune,Convenience Store,summer,715.91,39,171.0,375,49,4,186.39
2024-05-02,IN-SKU-11956,Staples,Karnataka,Mysuru,Convenience Store,summer,77.31,13,236.0,55,120,8,248.31
2024-05-10,IN-SKU-11957,Perishables,Tamil Nadu,Coimbatore,Supermarket,summer,,24,126.0,100,113,8,180.96
2023-12-08,IN-SKU-11958,Perishables,Telangana,Warangal,Hypermarket,winter,153.57,9,219.0,255,104,5,237.02
2025-11-22,IN-SKU-11959,Perishables,Telangana,Warangal,Online,festival,172.4,29,210.0,223,64,8,266.28
2025-07-28,IN-SKU-11960,Personal Care,Kerala,Kochi,Hypermarket,,280.21,36,93.0,340,108,7,163.7
2024-01-14,IN-SKU-11961,Staples,Maharashtra,Mumbai,Hypermarket,winter,600.32,40,125.0,337,61,2,203.52
2023-01-26,IN-SKU-11962,FMCG,Tamil Nadu,Coimbatore,Supermarket,winter,375.9,39,141.0,237,113,10,215.07
2024-04-25,IN-SKU-11963,Staples,Tamil Nadu,Chennai,Online,summer,354.07,39,206.0,289,94,4,222.81
2025-07-30,IN-SKU-11964,Personal Care,Telangana,Warangal,Supermarket,monsoon,648.35,14,111.0,128,59,7,103.86
2023-10-01,IN-SKU-11965,Staples,Delhi NCR,Gurugram,Hypermarket,festival,92.82,40,253.0,85,104,2,307.98
2023-06-27,IN-SKU-11966,Staples,Maharashtra,Pune,Hypermarket,summer,153.64,28,237.0,86,131,2,273.0
2023-03-04,IN-SKU-11967,Personal Care,Karnataka,Mysuru,Hypermarket,summer,398.25,37,158.0,156,173,4,216.76
2024-06-24,IN-SKU-11968,Perishables,Kerala,Thiruvananthapuram,Online,summer,83.2,31,29.0,271,105,2,167.88
2024-10-23,IN-SKU-11969,Perishables,Kerala,Thiruvananthapuram,Hypermarket,festival,171.61,5,102.0,240,139,10,202.15
2024-08-07,IN-SKU-11970,Home Care,Karnataka,Mysuru,Supermarket,monsoon,468.47,9,110.0,46,70,3,146.85
2023-11-10,IN-SKU-11971,Electronics,Delhi NCR,Noida,Hypermarket,festival,6696.13,10,137.0,93,142,5,195.62
2025-06-19,IN-SKU-11972,Perishables,Delhi NCR,Gurugram,Supermarket,summer,198.17,1,173.0,395,74,7,202.77
2023-05-18,IN-SKU-11973,Home Care,Tamil Nadu,Chennai,Hypermarket,summer,574.58,23,71.0,419,110,5,141.5
2023-05-09,IN-SKU-11974,Home Care,Telangana,Warangal,Online,summer,398.73,32,148.0,353,126,7,207.29
2023-10-04,IN-SKU-11975,Perishables,Telangana,Warangal,Convenience Store,festival,71.09,18,141.0,359,107,7,218.43
2023-08-26,IN-SKU-11976,Staples,Telangana,Hyderabad,Hypermarket,monsoon,459.12,18,64.0,227,87,2,141.71
2025-12-08,IN-SKU-11977,Staples,Tamil Nadu,Coimbatore,Hypermarket,winter,480.75,0,42.0,182,51,3,125.18
2025-12-06,IN-SKU-11978,Electronics,Tamil Nadu,Coimbatore,Supermarket,winter,3143.35,14,178.0,208,150,10,186.29
2025-02-24,IN-SKU-11979,Perishables,Telangana,Warangal,Convenience Store,winter,186.58,30,44.0,304,164,5,150.07
2023-07-15,IN-SKU-11980,Electronics,Maharashtra,Mumbai,Convenience Store,monsoon,8590.42,22,78.0,293,52,2,84.99
2025-02-27,IN-SKU-11981,Personal Care,Delhi NCR,Gurugram,Supermarket,winter,139.35,13,41.0,390,128,2,155.26
2024-10-12,IN-SKU-11982,Staples,Kerala,Thiruvananthapuram,Supermarket,festival,274.99,13,163.0,341,110,4,246.75
2023-01-07,IN-SKU-11983,Perishables,Kerala,Kozhikode,Online,winter,75.73,5,72.0,397,112,8,151.58
2023-07-12,IN-SKU-11984,Staples,Tamil Nadu,Chennai,Hypermarket,monsoon,630.86,17,75.0,329,130,6,139.8
2025-03-24,IN-SKU-11985,Electronics,Karnataka,Bengaluru,Convenience Store,summer,20674.14,30,96.0,417,53,8,35.74
2025-06-18,IN-SKU-11986,Personal Care,Karnataka,Bengaluru,Hypermarket,summer,261.55,16,298.0,391,149,2,237.89
2025-10-02,IN-SKU-11987,Electronics,Kerala,Kochi,Convenience Store,festival,21504.85,15,143.0,182,91,3,69.84
2024-04-01,IN-SKU-11988,FMCG,Telangana,Warangal,Convenience Store,,197.21,20,250.0,231,170,7,227.9
2024-09-03,IN-SKU-11989,Home Care,Telangana,Hyderabad,Hypermarket,monsoon,439.07,29,92.0,372,144,3,160.86
2025-12-21,IN-SKU-11990,Electronics,Maharashtra,Mumbai,Supermarket,,18987.4,17,301.0,329,145,10,137.06
2023-11-17,IN-SKU-11991,Electronics,Delhi NCR,Gurugram,Hypermarket,festival,21341.51,16,294.0,240,89,9,162.98
2023-08-24,IN-SKU-11992,Perishables,Tamil Nadu,Chennai,Online,monsoon,259.28,25,286.0,260,98,7,267.08
2024-12-19,IN-SKU-11993,Electronics,Delhi NCR,Gurugram,Convenience Store,winter,18360.95,22,118.0,30,86,8,38.53
2025-02-10,IN-SKU-11994,FMCG,Delhi NCR,Noida,Convenience Store,winter,152.71,0,62.0,52,76,10,156.19
2023-11-08,IN-SKU-11995,FMCG,Delhi NCR,Gurugram,Convenience Store,festival,445.1,12,128.0,366,148,8,217.56
2023-09-18,IN-SKU-11996,FMCG,Kerala,Kochi,Convenience Store,monsoon,393.28,4,157.0,43,54,2,175.91
2024-06-12,IN-SKU-11997,Personal Care,Delhi NCR,Gurugram,Hypermarket,summer,807.4,16,269.0,99,103,7,246.4
2023-01-10,IN-SKU-11998,FMCG,Delhi NCR,Gurugram,Hypermarket,winter,311.31,24,101.0,409,138,8,180.21
2024-05-15,IN-SKU-11999,Staples,Kerala,Kozhikode,Convenience Store,summer,570.96,0,182.0,57,171,7,189.95
2024-02-04,IN-SKU-12000,FMCG,Telangana,Warangal,Supermarket,winter,257.03,36,207.0,224,117,3,251.19
2023-09-20,IN-SKU-12001,FMCG,Delhi NCR,Gurugram,Supermarket,monsoon,,0,151.0,366,119,9,155.58
2025-12-27,IN-SKU-12002,Perishables,Maharashtra,Nagpur,Convenience Store,winter,209.0,35,73.0,226,166,4,192.65
2025-09-08,IN-SKU-12003,Perishables,Tamil Nadu,Coimbatore,Hypermarket,monsoon,137.67,39,262.0,195,111,3,267.69
2025-07-21,IN-SKU-12004,Personal Care,Delhi NCR,Noida,Online,monsoon,637.08,36,307.0,84,149,2,262.63
2024-05-23,IN-SKU-12005,Home Care,Kerala,Kozhikode,Convenience Store,summer,310.53,15,139.0,183,60,10,128.41
2023-04-12,IN-SKU-12006,Staples,Karnataka,Bengaluru,Hypermarket,summer,438.56,32,,172,87,6,167.62
2023-12-08,IN-SKU-12007,Personal Care,Maharashtra,Pune,Online,winter,668.62,18,302.0,291,100,5,258.15
2023-09-25,IN-SKU-12008,FMCG,Maharashtra,Pune,Hypermarket,monsoon,326.57,11,227.0,147,153,8,255.53
2025-04-05,IN-SKU-12009,Perishables,Karnataka,Mysuru,Supermarket,summer,274.69,20,181.0,244,108,2,220.37
2023-02-27,IN-SKU-12010,FMCG,Kerala,Kozhikode,Supermarket,winter,445.92,39,164.0,147,103,7,200.78
2023-07-22,IN-SKU-12011,Home Care,Delhi NCR,Delhi,Supermarket,monsoon,620.47,3,274.0,359,75,10,180.54
2025-11-12,IN-SKU-12012,Perishables,Maharashtra,Pune,Hypermarket,festival,98.68,2,242.0,308,74,2,272.94
2025-03-22,IN-SKU-12013,Electronics,Tamil Nadu,Chennai,Convenience Store,summer,8405.76,30,24.0,407,123,9,62.45
2023-01-17,IN-SKU-12014,Home Care,Tamil Nadu,Chennai,Online,winter,692.45,30,133.0,32,104,3,150.68
2025-04-03,IN-SKU-12015,Perishables,Delhi NCR,Delhi,Supermarket,summer,151.72,34,269.0,274,50,2,288.58
2023-04-18,IN-SKU-12016,Home Care,Karnataka,Bengaluru,Online,summer,147.31,22,87.0,176,58,6,148.61
2023-06-20,IN-SKU-12017,Home Care,Maharashtra,Pune,Supermarket,summer,632.13,2,111.0,143,157,7,126.92
2025-09-29,IN-SKU-12018,Electronics,Kerala,Kochi,Supermarket,monsoon,1495.34,34,67.0,326,121,2,107.52
2024-05-20,IN-SKU-12019,Personal Care,Delhi NCR,Delhi,Supermarket,summer,,35,90.0,288,177,6,170.22
2024-10-06,IN-SKU-12020,Home Care,Delhi NCR,Delhi,Supermarket,festival,321.59,18,24.0,307,70,10,113.4
2023-02-08,IN-SKU-12021,Personal Care,Tamil Nadu,Coimbatore,Convenience Store,winter,607.03,30,212.0,159,162,7,206.11
2025-08-09,IN-SKU-12022,Staples,Maharashtra,Mumbai,Supermarket,monsoon,519.48,19,231.0,243,62,2,227.04
2025-01-26,IN-SKU-12023,Staples,Telangana,Warangal,Supermarket,winter,570.68,7,111.0,216,120,2,164.25
2023-08-29,IN-SKU-12024,Home Care,Tamil Nadu,Coimbatore,Convenience Store,monsoon,388.32,28,154.0,306,126,4,157.6
2024-01-28,IN-SKU-12025,FMCG,Maharashtra,Mumbai,Online,winter,94.65,27,134.0,115,169,5,211.85
2023-10-09,IN-SKU-12026,Perishables,Tamil Nadu,Coimbatore,Supermarket,festival,106.18,7,302.0,172,118,5,304.71
2024-03-27,IN-SKU-12027,FMCG,Kerala,Thiruvananthapuram,Online,,236.36,33,125.0,382,77,2,217.43
2025-06-14,IN-SKU-12028,Perishables,Delhi NCR,Delhi,Convenience Store,summer,70.86,10,239.0,71,131,10,237.69
2024-01-31,IN-SKU-12029,Personal Care,Tamil Nadu,Coimbatore,Supermarket,winter,408.92,30,93.0,130,176,9,190.35
2023-06-07,IN-SKU-12030,Personal Care,Telangana,Warangal,Supermarket,summer,875.46,1,125.0,22,162,8,138.28
2024-01-13,IN-SKU-12031,Perishables,Tamil Nadu,Coimbatore,Convenience Store,winter,125.56,17,186.0,131,123,4,197.95
2025-11-24,IN-SKU-12032,Electronics,Tamil Nadu,Chennai,Supermarket,festival,13642.69,14,111.0,297,62,3,88.74
2023-03-08,IN-SKU-12033,FMCG,Kerala,Kochi,Convenience Store,summer,339.45,30,100.0,282,152,8,176.29
2024-05-20,IN-SKU-12034,Staples,Tamil Nadu,Chennai,Supermarket,summer,47.46,23,26.0,116,177,5,129.43
2024-02-09,IN-SKU-12035,FMCG,Karnataka,Bengaluru,Convenience Store,winter,95.51,24,133.0,415,132,3,199.51
2024-03-12,IN-SKU-12036,FMCG,Kerala,Kochi,Online,summer,,27,26.0,236,90,9,136.14
2025-10-15,IN-SKU-12037,FMCG,Delhi NCR,Gurugram,Supermarket,festival,164.61,36,202.0,260,100,2,277.28
2023-12-14,IN-SKU-12038,Home Care,Telangana,Warangal,Supermarket,winter,235.81,32,84.0,387,81,2,166.22
2023-10-02,IN-SKU-12039,Electronics,Kerala,Kozhikode,Hypermarket,festival,21021.7,18,147.0,60,51,5,104.22
2024-08-16,IN-SKU-12040,Staples,Tamil Nadu,Coimbatore,Supermarket,monsoon,421.94,15,261.0,269,93,8,232.39
2024-09-22,IN-SKU-12041,Perishables,Maharashtra,Mumbai,Convenience Store,monsoon,226.23,20,50.0,386,67,3,123.94
2024-02-01,IN-SKU-12042,FMCG,Kerala,Kochi,Online,winter,424.02,27,175.0,223,93,5,194.39
2024-02-18,IN-SKU-12043,Home Care,Karnataka,Mysuru,Convenience Store,winter,211.21,24,294.0,106,50,9,230.16
2023-04-16,IN-SKU-12044,Staples,Telangana,Warangal,Online,summer,81.75,4,167.0,47,174,3,192.2
2023-08-09,IN-SKU-12045,Personal Care,Maharashtra,Pune,Online,monsoon,820.99,38,299.0,319,175,9,237.85
2025-04-05,IN-SKU-12046,Perishables,Karnataka,Bengaluru,Supermarket,summer,141.21,11,254.0,213,60,6,264.93
2024-09-21,IN-SKU-12047,Staples,Delhi NCR,Gurugram,Convenience Store,monsoon,559.08,17,173.0,272,78,4,177.79
2023-01-31,IN-SKU-12048,FMCG,Karnataka,Mysuru,Convenience Store,winter,188.11,29,155.0,292,110,6,235.52
2023-01-11,IN-SKU-12049,Staples,Delhi NCR,Gurugram,Supermarket,winter,220.0,8,,24,84,6,260.18
2023-03-28,IN-SKU-12050,Personal Care,Tamil Nadu,Chennai,Online,summer,526.37,3,128.0,337,65,4,116.82
2025-05-07,IN-SKU-12051,Home Care,Karnataka,Bengaluru,Supermarket,summer,348.86,27,308.0,249,99,8,268.17
2024-08-15,IN-SKU-12052,Home Care,Telangana,Warangal,Convenience Store,monsoon,727.69,16,216.0,145,132,6,185.09
2023-06-10,IN-SKU-12053,Staples,Delhi NCR,Noida,Hypermarket,summer,126.21,5,107.0,273,54,4,178.63
2023-05-10,IN-SKU-12054,Home Care,Delhi NCR,Delhi,Supermarket,summer,125.23,3,111.0,343,153,3,162.66
2025-10-07,IN-SKU-12055,Home Care,Tamil Nadu,Chennai,Hypermarket,festival,628.69,29,212.0,70,152,2,255.27
2023-08-10,IN-SKU-12056,Perishables,Tamil Nadu,Chennai,Supermarket,monsoon,200.69,27,274.0,355,141,2,261.2
2023-09-16,IN-SKU-12057,Staples,Telangana,Hyderabad,Convenience Store,monsoon,232.22,30,21.0,261,66,4,130.62
2025-08-25,IN-SKU-12058,Staples,Telangana,Hyderabad,Convenience Store,monsoon,414.71,33,144.0,291,153,5,182.13
2023-11-25,IN-SKU-12059,Electronics,Karnataka,Mysuru,Supermarket,festival,6795.35,3,251.0,112,69,5,211.13
2024-03-18,IN-SKU-12060,FMCG,Telangana,Hyderabad,Supermarket,summer,37.09,2,118.0,144,89,5,136.3
2024-06-13,IN-SKU-12061,FMCG,Maharashtra,Mumbai,Supermarket,summer,96.42,2,129.0,388,99,7,169.7
2025-05-28,IN-SKU-12062,FMCG,Karnataka,Bengaluru,Convenience Store,summer,331.87,20,313.0,395,131,2,271.08
2024-07-15,IN-SKU-12063,Staples,Kerala,Kozhikode,Supermarket,monsoon,50.74,36,195.0,230,176,4,243.48
2024-07-25,IN-SKU-12064,Staples,Tamil Nadu,Chennai,Hypermarket,monsoon,245.57,0,149.0,109,165,6,159.96
2025-08-25,IN-SKU-12065,Personal Care,Telangana,Hyderabad,Supermarket,monsoon,800.1,30,256.0,338,138,8,229.33
2025-04-07,IN-SKU-12066,FMCG,Delhi NCR,Gurugram,Convenience Store,summer,156.98,7,202.0,176,93,3,195.11
2024-01-18,IN-SKU-12067,Personal Care,Maharashtra,Mumbai,Convenience Store,winter,759.06,7,89.0,372,168,3,112.26
2023-09-11,IN-SKU-12068,Staples,Maharashtra,Mumbai,Convenience Store,monsoon,104.94,14,181.0,286,53,4,194.14
2025-08-10,IN-SKU-12069,Personal Care,Telangana,Warangal,Hypermarket,monsoon,853.26,35,219.0,131,53,3,229.81
2025-04-11,IN-SKU-12070,FMCG,Maharashtra,Mumbai,Convenience Store,summer,300.88,25,301.0,287,157,10,259.79
2025-01-05,IN-SKU-12071,FMCG,Delhi NCR,Noida,Convenience Store,winter,243.54,9,34.0,131,177,3,127.35
2025-03-21,IN-SKU-12072,Home Care,Kerala,Thiruvananthapuram,Supermarket,summer,530.62,19,130.0,187,158,7,153.87
2025-09-10,IN-SKU-12073,FMCG,Delhi NCR,Gurugram,Hypermarket,monsoon,261.89,11,88.0,376,99,8,186.06
2024-06-28,IN-SKU-12074,Staples,Kerala,Kochi,Convenience Store,summer,584.44,1,170.0,82,116,6,167.27
2023-09-03,IN-SKU-12075,Home Care,Delhi NCR,Gurugram,Online,monsoon,144.08,32,230.0,301,133,4,221.28
2023-04-07,IN-SKU-12076,Electronics,Maharashtra,Mumbai,Online,summer,782.23,36,86.0,296,78,5,172.45
2025-02-07,IN-SKU-12077,Staples,Tamil Nadu,Coimbatore,Online,winter,311.34,1,293.0,183,70,5,216.79
2023-10-20,IN-SKU-12078,Home Care,Kerala,Kozhikode,Online,festival,,13,49.0,277,46,10,148.72
2024-06-11,IN-SKU-12079,Staples,Telangana,Hyderabad,Supermarket,,492.03,9,110.0,190,174,2,159.84
2023-03-22,IN-SKU-12080,Home Care,Delhi NCR,Noida,Hypermarket,summer,369.75,27,91.0,237,170,4,153.25
2025-11-08,IN-SKU-12081,FMCG,Maharashtra,Nagpur,Supermarket,festival,276.01,11,,91,120,7,301.99
2025-03-02,IN-SKU-12082,FMCG,Maharashtra,Pune,Online,summer,390.1,28,167.0,388,122,2,227.93
2023-12-26,IN-SKU-12083,FMCG,Telangana,Warangal,Hypermarket,winter,423.16,40,131.0,103,48,10,207.97
2025-11-09,IN-SKU-12084,Staples,Kerala,Thiruvananthapuram,Convenience Store,festival,53.12,17,272.0,250,169,8,291.76
2023-11-08,IN-SKU-12085,Staples,Delhi NCR,Delhi,Online,festival,480.12,3,48.0,265,63,3,162.6
2024-01-06,IN-SKU-12086,Staples,Karnataka,Bengaluru,Supermarket,winter,377.56,34,196.0,181,159,9,225.56
2025-06-17,IN-SKU-12087,Home Care,Delhi NCR,Gurugram,Hypermarket,summer,211.55,32,237.0,47,49,7,225.54
2025-05-19,IN-SKU-12088,Staples,Karnataka,Bengaluru,Hypermarket,summer,119.29,28,110.0,197,96,2,204.9
2023-09-19,IN-SKU-12089,Perishables,Delhi NCR,Delhi,Hypermarket,monsoon,186.85,4,230.0,334,145,6,196.96
2025-12-01,IN-SKU-12090,Home Care,Delhi NCR,Noida,Convenience Store,winter,173.86,9,297.0,362,179,4,230.36
2023-10-11,IN-SKU-12091,FMCG,Maharashtra,Pune,Supermarket,festival,201.12,28,21.0,308,139,5,173.92
2023-12-12,IN-SKU-12092,FMCG,Karnataka,Bengaluru,Hypermarket,winter,242.43,2,121.0,268,49,2,159.4
2025-04-18,IN-SKU-12093,Staples,Kerala,Kozhikode,Supermarket,summer,460.19,29,255.0,46,115,5,252.11
2024-01-20,IN-SKU-12094,Staples,Maharashtra,Mumbai,Convenience Store,winter,588.93,36,316.0,253,89,10,275.69
2025-07-31,IN-SKU-12095,Perishables,Telangana,Warangal,Online,monsoon,33.16,34,85.0,88,94,9,189.1
2025-05-11,IN-SKU-12096,Home Care,Kerala,Thiruvananthapuram,Convenience Store,summer,170.53,40,129.0,292,143,4,172.86
2023-05-03,IN-SKU-12097,Electronics,Delhi NCR,Noida,Supermarket,summer,5822.08,3,78.0,392,138,5,89.21
2023-06-02,IN-SKU-12098,Staples,Kerala,Kochi,Convenience Store,summer,500.15,35,252.0,292,85,2,197.52
2023-06-05,IN-SKU-12099,Perishables,Telangana,Warangal,Supermarket,summer,102.18,40,192.0,176,74,5,237.03
2024-09-30,IN-SKU-12100,Home Care,Telangana,Hyderabad,Online,monsoon,344.61,22,297.0,34,142,5,248.91
2023-02-07,IN-SKU-12101,Personal Care,Kerala,Kochi,Hypermarket,winter,187.52,0,67.0,327,52,2,107.4
2023-05-02,IN-SKU-12102,Staples,Delhi NCR,Noida,Hypermarket,summer,146.23,31,153.0,77,143,9,195.36
2023-08-17,IN-SKU-12103,FMCG,Karnataka,Bengaluru,Online,monsoon,85.64,7,231.0,186,91,3,215.59
2023-04-14,IN-SKU-12104,Staples,Maharashtra,Mumbai,Supermarket,summer,252.79,33,171.0,74,163,9,239.23
2023-12-25,IN-SKU-12105,Staples,Karnataka,Mysuru,Online,winter,332.18,33,157.0,282,58,8,217.05
2024-10-22,IN-SKU-12106,Perishables,Delhi NCR,Gurugram,Hypermarket,festival,220.33,38,296.0,254,158,6,302.34
2025-09-09,IN-SKU-12107,Staples,Maharashtra,Mumbai,Convenience Store,monsoon,159.5,27,168.0,267,122,8,189.7
2025-11-24,IN-SKU-12108,Staples,Telangana,Hyderabad,Convenience Store,festival,356.51,35,270.0,223,123,6,275.8
2023-12-30,IN-SKU-12109,Personal Care,Maharashtra,Pune,Convenience Store,winter,660.62,34,267.0,414,50,5,236.04
2024-04-17,IN-SKU-12110,Home Care,Maharashtra,Pune,Convenience Store,summer,283.38,24,235.0,199,62,6,198.81
2024-04-18,IN-SKU-12111,Perishables,Karnataka,Bengaluru,Convenience Store,summer,,11,68.0,264,155,8,151.86
2025-07-17,IN-SKU-12112,Perishables,Karnataka,Mysuru,Supermarket,monsoon,102.59,23,153.0,344,47,6,205.02
2023-09-10,IN-SKU-12113,Staples,Kerala,Thiruvananthapuram,Convenience Store,monsoon,582.46,28,173.0,217,176,9,179.07
2025-06-19,IN-SKU-12114,FMCG,Delhi NCR,Noida,Hypermarket,summer,339.34,6,41.0,169,168,9,116.21
2023-07-27,IN-SKU-12115,Home Care,Tamil Nadu,Chennai,Hypermarket,monsoon,481.09,9,183.0,138,82,6,191.55
2025-02-19,IN-SKU-12116,Personal Care,Karnataka,Mysuru,Supermarket,winter,,2,160.0,214,52,6,165.09
2023-03-23,IN-SKU-12117,Personal Care,Maharashtra,Mumbai,Convenience Store,summer,114.22,17,55.0,284,104,8,115.47
2023-08-25,IN-SKU-12118,Perishables,Telangana,Hyderabad,Convenience Store,monsoon,146.35,4,49.0,48,99,6,120.15
2023-10-17,IN-SKU-12119,Perishables,Tamil Nadu,Coimbatore,Supermarket,festival,275.77,12,24.0,70,149,5,170.17
2025-12-05,IN-SKU-12120,Personal Care,Telangana,Warangal,Hypermarket,winter,766.09,10,244.0,232,98,9,207.64
2024-06-10,IN-SKU-12121,FMCG,Delhi NCR,Gurugram,Convenience Store,summer,327.13,34,302.0,125,86,6,285.57
2024-02-09,IN-SKU-12122,Home Care,Delhi NCR,Delhi,Hypermarket,winter,185.61,28,129.0,346,63,8,181.34
2025-12-15,IN-SKU-12123,Personal Care,Delhi NCR,Noida,Convenience Store,winter,157.84,36,169.0,232,84,3,215.22
2025-04-26,IN-SKU-12124,Staples,Maharashtra,Nagpur,Online,summer,336.3,28,273.0,223,122,3,268.71
2025-11-28,IN-SKU-12125,Electronics,Telangana,Warangal,Supermarket,festival,19726.64,12,63.0,322,155,10,55.45
2025-06-08,IN-SKU-12126,Staples,Karnataka,Bengaluru,Online,summer,456.72,8,317.0,333,168,5,259.26
2023-01-30,IN-SKU-12127,Perishables,Delhi NCR,Noida,Online,winter,264.46,21,163.0,74,135,3,202.09
2025-08-20,IN-SKU-12128,Staples,Kerala,Thiruvananthapuram,Supermarket,,425.86,30,136.0,334,64,8,180.43
2025-04-09,IN-SKU-12129,Home Care,Telangana,Warangal,Supermarket,summer,735.8,39,169.0,229,119,5,197.41
2025-04-18,IN-SKU-12130,Perishables,Tamil Nadu,Coimbatore,Supermarket,summer,27.61,40,123.0,261,45,10,225.82
2023-05-30,IN-SKU-12131,Home Care,Maharashtra,Pune,Supermarket,summer,558.94,14,248.0,247,163,2,191.78
2023-08-01,IN-SKU-12132,Perishables,Maharashtra,Pune,Hypermarket,monsoon,182.02,27,233.0,356,130,10,244.71
2023-09-03,IN-SKU-12133,FMCG,Karnataka,Bengaluru,Hypermarket,monsoon,331.95,4,52.0,191,103,2,147.32
2024-12-22,IN-SKU-12134,FMCG,Kerala,Thiruvananthapuram,Supermarket,winter,249.21,8,298.0,110,120,7,238.73
2025-08-09,IN-SKU-12135,FMCG,Karnataka,Mysuru,Online,monsoon,430.39,13,151.0,252,87,9,193.94
2024-12-06,IN-SKU-12136,FMCG,Maharashtra,Mumbai,Supermarket,winter,38.46,30,26.0,182,127,9,159.72
2024-12-07,IN-SKU-12137,Home Care,Kerala,Thiruvananthapuram,Supermarket,winter,239.27,18,276.0,295,106,9,235.36
2023-12-15,IN-SKU-12138,Home Care,Maharashtra,Mumbai,Convenience Store,winter,110.71,1,67.0,131,159,6,120.95
2023-07-20,IN-SKU-12139,Personal Care,Kerala,Kochi,Online,monsoon,784.77,36,296.0,412,138,10,245.87
2024-09-20,IN-SKU-12140,Personal Care,Maharashtra,Mumbai,Supermarket,monsoon,749.7,25,254.0,271,113,3,224.19
2025-04-16,IN-SKU-12141,Personal Care,Karnataka,Mysuru,Supermarket,summer,267.74,6,152.0,252,109,8,181.4
2024-04-07,IN-SKU-12142,FMCG,Maharashtra,Mumbai,Supermarket,summer,448.49,37,238.0,277,157,2,251.74
2023-10-03,IN-SKU-12143,Home Care,Tamil Nadu,Coimbatore,Online,festival,654.65,6,241.0,280,97,7,205.12
2024-03-23,IN-SKU-12144,Staples,Delhi NCR,Gurugram,Convenience Store,summer,77.73,26,263.0,344,144,6,249.4
2025-09-08,IN-SKU-12145,Electronics,Tamil Nadu,Coimbatore,Supermarket,monsoon,6934.81,8,32.0,333,151,8,74.98
2025-03-13,IN-SKU-12146,Perishables,Delhi NCR,Delhi,Supermarket,summer,,25,93.0,377,106,3,184.69
2023-11-15,IN-SKU-12147,Home Care,Karnataka,Bengaluru,Convenience Store,festival,371.95,38,165.0,175,52,8,224.31
2023-10-16,IN-SKU-12148,Home Care,Tamil Nadu,Coimbatore,Hypermarket,festival,573.9,1,32.0,377,177,3,124.43
2025-01-20,IN-SKU-12149,Perishables,Telangana,Hyderabad,Supermarket,winter,140.59,12,156.0,184,136,3,205.91
2023-01-26,IN-SKU-12150,Staples,Maharashtra,Mumbai,Convenience Store,winter,607.59,34,250.0,235,157,4,254.33
2025-04-06,IN-SKU-12151,Personal Care,Tamil Nadu,Coimbatore,Online,summer,734.78,7,57.0,194,50,5,107.05
2024-10-09,IN-SKU-12152,Perishables,Tamil Nadu,Chennai,Supermarket,festival,242.73,19,279.0,344,133,5,290.6
2023-03-07,IN-SKU-12153,Home Care,Kerala,Thiruvananthapuram,Convenience Store,summer,334.95,3,312.0,155,78,8,226.55
2023-10-20,IN-SKU-12154,Home Care,Maharashtra,Nagpur,Convenience Store,festival,491.77,35,85.0,105,93,3,159.28
2025-08-11,IN-SKU-12155,FMCG,Kerala,Kozhikode,Hypermarket,,144.28,22,96.0,399,77,2,170.26
2024-03-30,IN-SKU-12156,FMCG,Maharashtra,Pune,Convenience Store,summer,405.89,29,134.0,391,115,5,200.41
2023-01-17,IN-SKU-12157,Staples,Maharashtra,Nagpur,Supermarket,winter,107.39,33,310.0,117,102,8,287.63
2023-04-13,IN-SKU-12158,Home Care,Telangana,Hyderabad,Hypermarket,summer,130.08,15,88.0,364,85,7,152.78
2023-01-16,IN-SKU-12159,Home Care,Telangana,Warangal,Supermarket,winter,746.49,19,277.0,147,123,3,227.05
2025-10-23,IN-SKU-12160,Electronics,Karnataka,Mysuru,Hypermarket,festival,22618.28,5,109.0,143,154,10,66.64
2023-12-11,IN-SKU-12161,FMCG,Maharashtra,Mumbai,Online,winter,415.32,34,41.0,252,134,3,155.49
2023-03-08,IN-SKU-12162,Personal Care,Karnataka,Mysuru,Supermarket,summer,,27,119.0,155,161,2,143.31
2025-05-10,IN-SKU-12163,FMCG,Telangana,Warangal,Supermarket,summer,441.15,10,150.0,98,156,8,189.95
2024-04-28,IN-SKU-12164,Home Care,Kerala,Kozhikode,Supermarket,summer,554.22,32,206.0,290,62,9,180.7
2023-07-14,IN-SKU-12165,Electronics,Karnataka,Bengaluru,Online,monsoon,22046.93,29,106.0,41,62,3,32.42
2024-03-22,IN-SKU-12166,Staples,Tamil Nadu,Chennai,Supermarket,summer,574.81,30,198.0,225,118,6,228.1
2025-07-20,IN-SKU-12167,Staples,Tamil Nadu,Chennai,Supermarket,monsoon,170.66,2,89.0,25,106,5,144.5
2024-08-09,IN-SKU-12168,Home Care,Maharashtra,Mumbai,Supermarket,monsoon,394.23,2,52.0,256,86,3,108.75
2023-01-22,IN-SKU-12169,Electronics,Delhi NCR,Gurugram,Convenience Store,winter,24088.79,35,198.0,366,178,4,68.19
2024-03-07,IN-SKU-12170,Perishables,Karnataka,Bengaluru,Supermarket,summer,125.35,2,79.0,129,126,10,134.2
2024-10-08,IN-SKU-12171,Perishables,Maharashtra,Mumbai,Hypermarket,festival,29.9,9,319.0,140,172,5,319.37
2025-10-05,IN-SKU-12172,Perishables,Delhi NCR,Delhi,Convenience Store,festival,145.57,18,146.0,413,140,9,233.01
2025-04-27,IN-SKU-12173,Electronics,Maharashtra,Nagpur,Online,summer,6543.95,23,77.0,80,166,7,147.18
2024-07-09,IN-SKU-12174,Perishables,Kerala,Kozhikode,Online,monsoon,126.52,13,93.0,304,176,4,130.08
2024-12-16,IN-SKU-12175,FMCG,Tamil Nadu,Chennai,Supermarket,winter,328.32,4,300.0,152,84,7,257.43
2024-07-09,IN-SKU-12176,FMCG,Delhi NCR,Delhi,Convenience Store,monsoon,374.81,19,232.0,365,77,7,203.15
2023-11-25,IN-SKU-12177,Perishables,Telangana,Hyderabad,Supermarket,festival,29.35,18,221.0,370,74,8,244.8
2025-11-18,IN-SKU-12178,Perishables,Maharashtra,Mumbai,Convenience Store,festival,256.21,16,171.0,290,134,3,222.17
2023-12-03,IN-SKU-12179,Staples,Kerala,Thiruvananthapuram,Online,winter,335.97,4,156.0,103,108,10,184.83
2024-08-21,IN-SKU-12180,FMCG,Telangana,Warangal,Supermarket,monsoon,164.26,29,290.0,107,178,6,276.62
2025-01-27,IN-SKU-12181,Personal Care,Karnataka,Bengaluru,Supermarket,winter,,24,285.0,247,109,10,241.29
2025-11-11,IN-SKU-12182,Staples,Maharashtra,Mumbai,Supermarket,festival,313.85,19,211.0,391,150,4,271.78
2024-05-21,IN-SKU-12183,Personal Care,Tamil Nadu,Chennai,Supermarket,summer,120.94,11,207.0,97,160,7,211.01
2024-08-25,IN-SKU-12184,Personal Care,Maharashtra,Nagpur,Convenience Store,monsoon,745.51,16,119.0,354,115,9,131.23
2023-07-03,IN-SKU-12185,FMCG,Karnataka,Bengaluru,Supermarket,monsoon,378.58,9,294.0,404,71,6,256.41
2025-03-30,IN-SKU-12186,Perishables,Tamil Nadu,Chennai,Supermarket,summer,168.82,13,217.0,147,92,9,203.06
2024-08-21,IN-SKU-12187,Perishables,Karnataka,Bengaluru,Online,monsoon,183.85,8,198.0,275,174,3,205.88
2023-11-20,IN-SKU-12188,Home Care,Telangana,Warangal,Supermarket,festival,218.57,15,88.0,274,53,6,177.66
2023-01-18,IN-SKU-12189,FMCG,Telangana,Warangal,Convenience Store,winter,122.26,30,290.0,185,173,3,237.21
2023-10-11,IN-SKU-12190,Staples,Telangana,Hyderabad,Convenience Store,festival,385.86,28,190.0,363,48,9,246.99
2024-04-11,IN-SKU-12191,Home Care,Kerala,Kozhikode,Supermarket,summer,195.37,13,41.0,224,124,5,114.43
2024-06-06,IN-SKU-12192,Perishables,Maharashtra,Nagpur,Supermarket,summer,64.94,12,274.0,300,102,5,259.06
2024-03-29,IN-SKU-12193,Perishables,Maharashtra,Pune,Online,summer,213.21,14,163.0,73,55,7,212.84
2025-12-24,IN-SKU-12194,FMCG,Maharashtra,Mumbai,Convenience Store,winter,111.3,34,200.0,115,178,5,221.1
2023-09-28,IN-SKU-12195,FMCG,Karnataka,Mysuru,Convenience Store,monsoon,99.16,27,223.0,69,129,6,243.23
2025-01-23,IN-SKU-12196,FMCG,Delhi NCR,Noida,Convenience Store,winter,115.57,25,105.0,171,59,7,165.75
2023-04-25,IN-SKU-12197,FMCG,Delhi NCR,Gurugram,Online,summer,154.61,6,194.0,411,66,3,206.46
2023-10-24,IN-SKU-12198,Perishables,Delhi NCR,Noida,Convenience Store,festival,217.41,25,300.0,210,84,9,306.7
2023-09-13,IN-SKU-12199,Electronics,Telangana,Warangal,Hypermarket,monsoon,26771.59,40,126.0,359,137,8,53.41
2024-09-14,IN-SKU-12200,Home Care,Tamil Nadu,Coimbatore,Hypermarket,monsoon,648.96,26,75.0,99,83,7,139.23
2025-02-08,IN-SKU-12201,FMCG,Delhi NCR,Noida,Hypermarket,winter,398.27,11,311.0,363,119,7,238.09
2023-12-09,IN-SKU-12202,Staples,Telangana,Hyderabad,Hypermarket,winter,396.89,37,255.0,116,97,3,281.73
2025-07-25,IN-SKU-12203,FMCG,Delhi NCR,Delhi,Convenience Store,monsoon,83.4,26,111.0,32,82,8,197.9
2024-08-03,IN-SKU-12204,Personal Care,Maharashtra,Nagpur,Supermarket,monsoon,180.18,12,183.0,321,129,4,177.84
2025-11-12,IN-SKU-12205,Personal Care,Tamil Nadu,Chennai,Hypermarket,festival,110.35,34,107.0,147,179,7,196.67
2024-01-15,IN-SKU-12206,Electronics,Telangana,Warangal,Convenience Store,winter,6363.71,22,308.0,154,108,10,190.42
2025-01-02,IN-SKU-12207,FMCG,Telangana,Hyderabad,Convenience Store,winter,50.01,33,298.0,36,132,4,281.22
2023-01-16,IN-SKU-12208,Personal Care,Delhi NCR,Noida,Supermarket,winter,581.76,34,205.0,242,104,5,222.46
2024-11-07,IN-SKU-12209,FMCG,Delhi NCR,Delhi,Supermarket,festival,333.95,21,314.0,194,69,10,306.57
2025-07-27,IN-SKU-12210,Personal Care,Kerala,Thiruvananthapuram,Supermarket,monsoon,343.14,40,34.0,281,132,3,127.56
2023-02-07,IN-SKU-12211,Home Care,Kerala,Thiruvananthapuram,Convenience Store,winter,404.7,37,317.0,308,105,2,253.55
2024-02-08,IN-SKU-12212,Home Care,Telangana,Hyderabad,Convenience Store,winter,199.03,1,312.0,402,144,2,228.6
2025-03-23,IN-SKU-12213,Personal Care,Tamil Nadu,Chennai,Supermarket,summer,817.11,0,271.0,382,104,9,183.58
2025-02-25,IN-SKU-12214,Perishables,Kerala,Kochi,Convenience Store,winter,107.4,29,73.0,227,173,10,171.86
2024-09-13,IN-SKU-12215,Home Care,Karnataka,Mysuru,Convenience Store,monsoon,464.99,17,150.0,234,69,7,140.26
2023-05-05,IN-SKU-12216,Home Care,Telangana,Warangal,Hypermarket,summer,647.58,35,221.0,76,50,4,215.58
2023-01-29,IN-SKU-12217,Staples,Telangana,Warangal,Convenience Store,winter,399.77,24,256.0,48,71,3,253.17
2025-02-06,IN-SKU-12218,FMCG,Kerala,Kozhikode,Supermarket,winter,227.42,20,139.0,305,79,6,190.11
2024-02-09,IN-SKU-12219,FMCG,Delhi NCR,Delhi,Online,winter,171.59,9,124.0,83,61,4,176.06
2025-07-27,IN-SKU-12220,Home Care,Telangana,Warangal,Supermarket,monsoon,563.77,20,158.0,181,89,7,157.53
2023-06-28,IN-SKU-12221,FMCG,Telangana,Hyderabad,Online,summer,79.61,36,128.0,262,157,9,218.76
2025-03-04,IN-SKU-12222,Perishables,Maharashtra,Nagpur,Convenience Store,summer,233.35,25,43.0,357,83,8,143.63
2024-09-01,IN-SKU-12223,Electronics,Delhi NCR,Delhi,Online,monsoon,1863.4,27,21.0,28,163,8,140.61
2024-07-05,IN-SKU-12224,FMCG,Tamil Nadu,Coimbatore,Supermarket,monsoon,446.94,18,123.0,149,109,9,140.59
2023-11-24,IN-SKU-12225,FMCG,Telangana,Warangal,Supermarket,festival,332.45,26,210.0,292,66,9,266.63
2024-02-08,IN-SKU-12226,FMCG,Karnataka,Mysuru,Hypermarket,winter,174.31,39,246.0,319,111,4,274.74
2023-01-01,IN-SKU-12227,Home Care,Telangana,Hyderabad,Supermarket,winter,159.01,2,126.0,50,80,2,165.44
2025-02-26,IN-SKU-12228,Staples,Delhi NCR,Delhi,Hypermarket,winter,460.86,27,225.0,24,164,7,245.61
2024-09-30,IN-SKU-12229,Personal Care,Kerala,Kozhikode,Hypermarket,monsoon,374.02,16,39.0,186,161,6,132.43
2024-06-12,IN-SKU-12230,Personal Care,Kerala,Thiruvananthapuram,Convenience Store,summer,856.11,39,91.0,246,64,2,109.73
2024-03-22,IN-SKU-12231,Home Care,Kerala,Kozhikode,Supermarket,summer,581.88,27,87.0,22,75,2,154.71
2025-04-14,IN-SKU-12232,FMCG,Kerala,Kozhikode,Convenience Store,summer,374.31,11,40.0,314,159,10,107.25
2024-12-31,IN-SKU-12233,Staples,Maharashtra,Nagpur,Hypermarket,winter,566.19,37,273.0,310,152,8,293.55
2023-04-07,IN-SKU-12234,Home Care,Tamil Nadu,Chennai,Hypermarket,summer,116.38,13,144.0,322,47,2,179.48
2024-04-13,IN-SKU-12235,Staples,Maharashtra,Pune,Hypermarket,summer,456.51,7,308.0,283,56,9,265.41
2025-06-04,IN-SKU-12236,Home Care,Delhi NCR,Noida,Supermarket,summer,578.7,27,61.0,319,152,5,133.02
2023-10-12,IN-SKU-12237,FMCG,Maharashtra,Pune,Hypermarket,festival,318.25,34,165.0,155,57,2,278.74
2023-01-17,IN-SKU-12238,Personal Care,Karnataka,Bengaluru,Hypermarket,winter,117.77,21,181.0,309,179,5,206.89
2023-03-20,IN-SKU-12239,Personal Care,Delhi NCR,Delhi,Convenience Store,summer,873.8,35,190.0,117,131,3,200.36
2024-03-14,IN-SKU-12240,Electronics,Tamil Nadu,Coimbatore,Convenience Store,summer,11640.08,1,316.0,308,143,9,143.23
2024-10-22,IN-SKU-12241,Perishables,Maharashtra,Pune,Online,festival,248.51,31,268.0,331,99,8,290.53
2023-08-23,IN-SKU-12242,Home Care,Kerala,Kozhikode,Convenience Store,monsoon,490.52,4,93.0,266,161,4,134.99
2024-11-13,IN-SKU-12243,Home Care,Delhi NCR,Delhi,Supermarket,festival,147.94,21,209.0,310,71,9,211.86
2023-03-18,IN-SKU-12244,Staples,Karnataka,Mysuru,Hypermarket,summer,602.69,2,114.0,87,81,3,173.62
2024-11-05,IN-SKU-12245,FMCG,Tamil Nadu,Chennai,Online,festival,361.83,18,54.0,127,83,3,198.13
2023-06-10,IN-SKU-12246,Home Care,Delhi NCR,Noida,Supermarket,summer,305.56,3,245.0,304,118,5,184.61
2023-12-22,IN-SKU-12247,Perishables,Tamil Nadu,Chennai,Supermarket,winter,48.98,5,270.0,44,47,3,238.92
2025-01-26,IN-SKU-12248,Perishables,Maharashtra,Pune,Online,winter,227.39,25,258.0,179,124,10,270.91
2024-07-04,IN-SKU-12249,FMCG,Kerala,Thiruvananthapuram,Supermarket,monsoon,159.33,3,298.0,419,98,9,230.13
2024-07-05,IN-SKU-12250,Electronics,Tamil Nadu,Coimbatore,Convenience Store,monsoon,16886.45,20,82.0,117,178,2,16.38
2025-07-31,IN-SKU-12251,Staples,Maharashtra,Nagpur,Hypermarket,monsoon,611.16,10,145.0,375,172,9,169.45
2023-08-22,IN-SKU-12252,Home Care,Maharashtra,Nagpur,Convenience Store,monsoon,379.77,11,292.0,347,90,10,223.37
2024-10-01,IN-SKU-12253,FMCG,Tamil Nadu,Chennai,Supermarket,festival,206.41,33,95.0,63,92,4,238.5
2025-10-13,IN-SKU-12254,FMCG,Maharashtra,Nagpur,Hypermarket,festival,363.89,24,287.0,118,142,9,340.3
2025-05-21,IN-SKU-12255,Perishables,Karnataka,Bengaluru,Supermarket,summer,239.3,40,167.0,158,87,9,219.86
2025-08-31,IN-SKU-12256,Electronics,Maharashtra,Nagpur,Supermarket,monsoon,22996.24,7,25.0,148,149,10,8.0
2024-05-30,IN-SKU-12257,FMCG,Telangana,Warangal,Supermarket,summer,435.88,33,141.0,283,136,4,180.51
2023-04-05,IN-SKU-12258,Perishables,Kerala,Thiruvananthapuram,Online,summer,223.1,27,185.0,203,157,2,237.49
2025-07-30,IN-SKU-12259,Staples,Maharashtra,Pune,Online,monsoon,623.1,34,29.0,173,161,8,132.74
2023-03-02,IN-SKU-12260,Personal Care,Tamil Nadu,Chennai,Online,summer,897.22,5,23.0,409,73,8,86.55
2024-10-13,IN-SKU-12261,FMCG,Telangana,Hyderabad,Supermarket,festival,159.74,24,294.0,253,138,2,316.07
2023-11-21,IN-SKU-12262,FMCG,Kerala,Kozhikode,Hypermarket,festival,425.64,0,94.0,299,172,6,195.12
2024-03-07,IN-SKU-12263,Personal Care,Telangana,Hyderabad,Hypermarket,summer,713.85,38,91.0,345,159,6,155.13
2023-08-06,IN-SKU-12264,FMCG,Delhi NCR,Delhi,Supermarket,monsoon,399.38,25,208.0,376,52,7,216.23
2025-09-14,IN-SKU-12265,Perishables,Delhi NCR,Delhi,Supermarket,monsoon,248.89,31,255.0,199,122,7,254.43
2024-06-22,IN-SKU-12266,FMCG,Kerala,Kozhikode,Online,summer,185.43,6,264.0,209,134,4,215.73
2024-02-20,IN-SKU-12267,Electronics,Maharashtra,Mumbai,Convenience Store,winter,21940.27,28,278.0,330,54,7,94.1
2024-10-18,IN-SKU-12268,Personal Care,Kerala,Thiruvananthapuram,Convenience Store,festival,247.93,2,306.0,41,160,10,242.36
2025-05-12,IN-SKU-12269,Home Care,Telangana,Warangal,Convenience Store,summer,719.04,37,216.0,217,90,2,211.72
2025-02-04,IN-SKU-12270,Perishables,Telangana,Warangal,Convenience Store,winter,265.81,3,312.0,102,119,7,261.68
2024-03-21,IN-SKU-12271,Perishables,Telangana,Hyderabad,Online,summer,86.35,23,270.0,378,157,3,277.7
2024-07-28,IN-SKU-12272,FMCG,Telangana,Warangal,Supermarket,monsoon,441.11,39,253.0,318,121,7,253.86
2024-02-11,IN-SKU-12273,FMCG,Delhi NCR,Delhi,Supermarket,winter,293.36,13,108.0,365,166,9,174.36
2024-10-01,IN-SKU-12274,Personal Care,Delhi NCR,Gurugram,Online,festival,195.94,39,158.0,101,163,7,234.47
2024-01-14,IN-SKU-12275,Perishables,Delhi NCR,Delhi,Online,winter,173.22,0,108.0,175,73,4,183.17
2025-05-10,IN-SKU-12276,Staples,Kerala,Thiruvananthapuram,Hypermarket,summer,61.93,20,36.0,168,49,5,148.83
2024-08-20,IN-SKU-12277,Personal Care,Maharashtra,Nagpur,Hypermarket,monsoon,645.96,20,319.0,58,178,6,270.82
2023-08-26,IN-SKU-12278,Personal Care,Karnataka,Mysuru,Supermarket,monsoon,682.54,6,218.0,152,133,7,159.42
2024-08-15,IN-SKU-12279,Home Care,Karnataka,Bengaluru,Supermarket,monsoon,476.01,40,194.0,281,128,3,198.42
2025-07-08,IN-SKU-12280,Home Care,Maharashtra,Pune,Hypermarket,monsoon,98.16,19,110.0,292,108,9,164.23
2024-04-02,IN-SKU-12281,FMCG,Maharashtra,Nagpur,Supermarket,summer,324.59,19,67.0,81,84,10,167.21
2025-02-12,IN-SKU-12282,Perishables,Maharashtra,Mumbai,Hypermarket,winter,278.31,17,150.0,250,148,9,246.27
2024-09-13,IN-SKU-12283,Personal Care,Tamil Nadu,Coimbatore,Online,monsoon,60.59,22,290.0,219,167,10,259.03
2025-12-15,IN-SKU-12284,Electronics,Telangana,Warangal,Convenience Store,winter,24539.42,2,107.0,131,62,3,8.0
2024-01-22,IN-SKU-12285,Home Care,Kerala,Kochi,Hypermarket,winter,313.67,38,203.0,264,45,4,235.72
2024-10-01,IN-SKU-12286,Electronics,Maharashtra,Nagpur,Convenience Store,festival,26584.55,3,121.0,233,135,6,8.0
2024-12-30,IN-SKU-12287,FMCG,Telangana,Warangal,Supermarket,winter,99.59,28,178.0,357,60,9,256.68
2023-12-10,IN-SKU-12288,FMCG,Karnataka,Mysuru,Convenience Store,winter,349.73,32,178.0,29,53,6,175.52
2024-11-24,IN-SKU-12289,Staples,Delhi NCR,Noida,Hypermarket,festival,516.89,26,117.0,57,168,5,240.39
2024-12-11,IN-SKU-12290,Perishables,Telangana,Hyderabad,Online,,240.21,18,317.0,405,168,10,279.21
2024-07-12,IN-SKU-12291,Electronics,Tamil Nadu,Chennai,Supermarket,monsoon,15186.14,0,,385,102,5,69.17
2025-09-13,IN-SKU-12292,Home Care,Telangana,Warangal,Hypermarket,monsoon,602.36,24,40.0,154,160,8,132.48
2023-06-05,IN-SKU-12293,Electronics,Karnataka,Mysuru,Supermarket,summer,8838.26,21,278.0,286,87,7,187.78
2023-06-28,IN-SKU-12294,Personal Care,Kerala,Kozhikode,Online,summer,876.64,38,184.0,263,174,9,175.9
2024-02-02,IN-SKU-12295,Electronics,Karnataka,Mysuru,Convenience Store,winter,24442.24,4,147.0,209,47,6,8.0
2024-05-18,IN-SKU-12296,Home Care,Maharashtra,Mumbai,Online,summer,87.8,16,99.0,205,162,7,161.83
2023-12-14,IN-SKU-12297,Staples,Karnataka,Mysuru,Hypermarket,winter,641.29,26,163.0,339,127,3,220.74
2025-07-08,IN-SKU-12298,Personal Care,Tamil Nadu,Coimbatore,Convenience Store,monsoon,431.8,10,252.0,142,107,5,218.92
2024-01-09,IN-SKU-12299,FMCG,Telangana,Warangal,Online,,101.36,6,77.0,297,48,7,164.02
2024-11-03,IN-SKU-12300,Personal Care,Delhi NCR,Gurugram,Convenience Store,festival,329.85,1,289.0,241,82,8,239.31
2024-08-04,IN-SKU-12301,Perishables,Maharashtra,Pune,Online,monsoon,51.23,36,315.0,353,113,4,295.12
2025-09-03,IN-SKU-12302,Perishables,Tamil Nadu,Chennai,Convenience Store,monsoon,255.97,3,250.0,375,55,10,194.97
2024-10-11,IN-SKU-12303,Personal Care,Kerala,Kozhikode,Convenience Store,festival,893.53,32,160.0,267,113,8,186.03
2024-06-09,IN-SKU-12304,Perishables,Telangana,Hyderabad,Convenience Store,summer,167.45,40,286.0,323,150,4,292.73
2025-03-04,IN-SKU-12305,Staples,Tamil Nadu,Chennai,Supermarket,summer,84.18,6,319.0,391,173,7,280.97
2025-02-12,IN-SKU-12306,Electronics,Delhi NCR,Noida,Supermarket,winter,5394.42,25,223.0,382,175,4,178.05
2023-03-27,IN-SKU-12307,Home Care,Karnataka,Mysuru,Online,summer,532.26,40,283.0,222,99,10,256.36
2023-03-20,IN-SKU-12308,Perishables,Karnataka,Bengaluru,Convenience Store,summer,233.31,19,129.0,391,150,6,206.48
2023-12-11,IN-SKU-12309,FMCG,Maharashtra,Nagpur,Convenience Store,winter,364.96,20,184.0,377,110,3,214.69
2025-02-09,IN-SKU-12310,Personal Care,Maharashtra,Pune,Hypermarket,winter,635.41,9,220.0,262,151,7,192.12
2024-04-13,IN-SKU-12311,Personal Care,Kerala,Kozhikode,Convenience Store,summer,624.6,33,170.0,35,155,3,195.03
2024-11-14,IN-SKU-12312,Home Care,Maharashtra,Nagpur,Supermarket,festival,154.65,13,,127,139,6,150.72
2023-05-05,IN-SKU-12313,Perishables,Telangana,Warangal,Supermarket,summer,148.89,40,88.0,243,49,8,199.95
2024-08-08,IN-SKU-12314,FMCG,Delhi NCR,Delhi,Hypermarket,monsoon,161.75,29,259.0,31,140,10,299.11
2025-07-11,IN-SKU-12315,Perishables,Kerala,Thiruvananthapuram,Convenience Store,monsoon,174.83,13,93.0,37,148,7,179.05
2023-08-04,IN-SKU-12316,Personal Care,Karnataka,Bengaluru,Convenience Store,monsoon,72.63,20,179.0,220,113,2,173.92
2024-12-08,IN-SKU-12317,Home Care,Telangana,Hyderabad,Online,winter,241.27,2,226.0,21,70,9,178.39
2025-09-28,IN-SKU-12318,Perishables,Tamil Nadu,Coimbatore,Online,monsoon,30.05,16,76.0,184,127,7,154.12
2025-11-24,IN-SKU-12319,Personal Care,Karnataka,Mysuru,Online,festival,430.33,15,186.0,205,159,2,212.15
2024-04-09,IN-SKU-12320,Electronics,Delhi NCR,Gurugram,Hypermarket,summer,18491.0,33,70.0,410,171,10,54.07
2024-11-25,IN-SKU-12321,Electronics,Tamil Nadu,Coimbatore,Convenience Store,festival,24643.19,24,183.0,226,153,6,64.75
2024-02-13,IN-SKU-12322,Electronics,Maharashtra,Nagpur,Online,winter,2355.66,40,100.0,380,125,10,176.27
2023-01-25,IN-SKU-12323,Staples,Kerala,Thiruvananthapuram,Supermarket,winter,362.2,36,53.0,312,55,7,145.85
2025-09-23,IN-SKU-12324,FMCG,Kerala,Thiruvananthapuram,Online,monsoon,207.87,12,168.0,170,147,9,199.97
2025-01-30,IN-SKU-12325,Staples,Maharashtra,Mumbai,Convenience Store,winter,648.38,24,243.0,365,142,2,241.44
2023-09-28,IN-SKU-12326,FMCG,Karnataka,Bengaluru,Hypermarket,monsoon,82.22,30,84.0,372,160,5,183.26
2025-09-14,IN-SKU-12327,Electronics,Kerala,Kochi,Convenience Store,monsoon,23239.49,27,98.0,164,95,6,8.0
2024-06-06,IN-SKU-12328,Perishables,Tamil Nadu,Coimbatore,Supermarket,summer,264.93,30,186.0,321,171,3,219.97
2023-04-02,IN-SKU-12329,Electronics,Delhi NCR,Noida,Supermarket,summer,12710.82,10,275.0,149,161,4,139.18
2023-06-16,IN-SKU-12330,Personal Care,Delhi NCR,Noida,Hypermarket,summer,404.92,5,244.0,241,105,7,182.53
2025-01-02,IN-SKU-12331,FMCG,Delhi NCR,Noida,Convenience Store,winter,304.63,33,46.0,262,121,8,169.19
2025-02-01,IN-SKU-12332,Staples,Kerala,Thiruvananthapuram,Online,winter,147.19,22,251.0,331,79,4,247.15
2025-01-29,IN-SKU-12333,Staples,Maharashtra,Nagpur,Supermarket,winter,532.91,8,204.0,42,98,4,234.44
2025-04-28,IN-SKU-12334,FMCG,Telangana,Warangal,Online,summer,221.48,29,167.0,247,167,8,219.16
2025-04-21,IN-SKU-12335,FMCG,Maharashtra,Nagpur,Convenience Store,summer,404.6,6,39.0,360,55,5,105.24
2025-12-18,IN-SKU-12336,FMCG,Maharashtra,Nagpur,Convenience Store,winter,244.19,14,143.0,309,153,10,199.36
2023-12-02,IN-SKU-12337,Staples,Karnataka,Bengaluru,Supermarket,winter,640.91,14,150.0,378,137,10,180.56
2025-05-17,IN-SKU-12338,FMCG,Tamil Nadu,Chennai,Online,summer,224.5,23,288.0,282,165,4,250.31
2024-03-14,IN-SKU-12339,Personal Care,Telangana,Warangal,Supermarket,summer,871.56,6,154.0,215,60,5,133.39
2025-01-08,IN-SKU-12340,Personal Care,Karnataka,Bengaluru,Hypermarket,winter,242.21,14,158.0,143,103,9,185.05
2023-09-24,IN-SKU-12341,Staples,Maharashtra,Mumbai,Hypermarket,monsoon,613.8,11,273.0,320,93,2,223.89
2023-03-23,IN-SKU-12342,Staples,Maharashtra,Pune,Supermarket,summer,412.01,33,246.0,229,155,9,253.11
2024-10-24,IN-SKU-12343,Staples,Maharashtra,Pune,Online,festival,598.36,39,141.0,340,150,8,217.06
2025-05-03,IN-SKU-12344,FMCG,Kerala,Kozhikode,Hypermarket,summer,439.89,25,277.0,112,60,4,249.96
2023-10-17,IN-SKU-12345,Electronics,Telangana,Hyderabad,Supermarket,festival,6450.06,37,135.0,198,141,4,176.71
2023-02-06,IN-SKU-12346,Home Care,Kerala,Thiruvananthapuram,Convenience Store,winter,439.35,9,149.0,352,69,8,144.85
2024-08-16,IN-SKU-12347,FMCG,Maharashtra,Nagpur,Convenience Store,monsoon,42.49,37,264.0,253,70,7,255.03
2025-01-03,IN-SKU-12348,Perishables,Maharashtra,Mumbai,Convenience Store,winter,241.84,22,159.0,323,119,2,226.55
2024-03-11,IN-SKU-12349,FMCG,Telangana,Warangal,Hypermarket,summer,137.04,18,262.0,263,93,10,249.02
2023-06-29,IN-SKU-12350,Staples,Maharashtra,Mumbai,Online,summer,370.03,32,84.0,299,139,2,172.85
2025-07-04,IN-SKU-12351,Perishables,Tamil Nadu,Chennai,Supermarket,monsoon,183.12,8,239.0,112,76,6,212.63
2023-04-13,IN-SKU-12352,Perishables,Kerala,Thiruvananthapuram,Supermarket,summer,269.29,2,265.0,51,118,3,243.0
2025-02-19,IN-SKU-12353,FMCG,Maharashtra,Nagpur,Supermarket,winter,170.51,13,142.0,207,115,2,202.2
2023-06-08,IN-SKU-12354,Electronics,Kerala,Thiruvananthapuram,Supermarket,summer,16675.77,17,78.0,170,100,2,33.28
2024-03-29,IN-SKU-12355,Perishables,Delhi NCR,Noida,Convenience Store,summer,77.61,20,172.0,358,120,8,227.1
2023-06-23,IN-SKU-12356,Electronics,Maharashtra,Nagpur,Supermarket,summer,9827.27,2,171.0,169,110,3,95.45
2025-10-18,IN-SKU-12357,Home Care,Kerala,Thiruvananthapuram,Supermarket,festival,710.01,17,104.0,152,90,10,142.07
2024-01-17,IN-SKU-12358,Home Care,Telangana,Warangal,Supermarket,winter,277.43,16,179.0,351,81,4,177.09
2023-10-26,IN-SKU-12359,Home Care,Delhi NCR,Noida,Supermarket,festival,570.99,4,,125,81,6,183.82
2023-07-27,IN-SKU-12360,FMCG,Kerala,Kochi,Convenience Store,monsoon,316.34,0,140.0,117,163,4,151.41
2025-02-03,IN-SKU-12361,Staples,Maharashtra,Mumbai,Online,winter,403.29,16,82.0,352,108,8,145.08
2024-01-24,IN-SKU-12362,Home Care,Telangana,Warangal,Online,winter,106.39,37,274.0,308,112,5,234.17
2025-05-04,IN-SKU-12363,Home Care,Karnataka,Bengaluru,Hypermarket,summer,,38,75.0,189,53,4,175.26
2025-08-08,IN-SKU-12364,Perishables,Tamil Nadu,Coimbatore,Convenience Store,monsoon,,20,313.0,399,143,7,251.71
2025-12-03,IN-SKU-12365,Home Care,Karnataka,Mysuru,Supermarket,winter,649.44,20,80.0,371,173,6,142.76
2025-01-23,IN-SKU-12366,Electronics,Kerala,Kozhikode,Hypermarket,winter,6674.83,24,47.0,255,143,4,111.78
2023-07-12,IN-SKU-12367,Electronics,Maharashtra,Pune,Convenience Store,monsoon,3749.23,1,42.0,84,65,3,62.82
2023-08-12,IN-SKU-12368,Home Care,Karnataka,Bengaluru,Supermarket,monsoon,295.89,26,147.0,415,122,4,184.5
2024-11-28,IN-SKU-12369,Perishables,Tamil Nadu,Coimbatore,Convenience Store,festival,276.88,7,66.0,200,178,2,175.67
2025-01-18,IN-SKU-12370,FMCG,Karnataka,Mysuru,Hypermarket,winter,140.87,10,262.0,308,110,3,261.89
2025-11-18,IN-SKU-12371,FMCG,Telangana,Warangal,Supermarket,festival,193.97,31,75.0,51,159,6,234.27
2024-12-18,IN-SKU-12372,Staples,Maharashtra,Pune,Hypermarket,winter,350.83,23,25.0,38,98,10,148.05
2025-07-01,IN-SKU-12373,Electronics,Kerala,Kozhikode,Convenience Store,monsoon,21712.5,19,171.0,379,65,3,32.32
2024-04-26,IN-SKU-12374,Electronics,Tamil Nadu,Chennai,Online,summer,16708.22,16,86.0,329,47,3,62.6
2025-06-13,IN-SKU-12375,Electronics,Maharashtra,Mumbai,Supermarket,summer,20659.23,33,278.0,63,58,3,127.58
2023-10-24,IN-SKU-12376,FMCG,Delhi NCR,Delhi,Supermarket,festival,228.96,20,31.0,272,57,3,172.72
2025-03-05,IN-SKU-12377,FMCG,Tamil Nadu,Chennai,Convenience Store,summer,359.13,35,174.0,72,138,7,242.27
2025-05-01,IN-SKU-12378,Home Care,Kerala,Kozhikode,Convenience Store,summer,738.21,38,228.0,56,126,3,208.35
2023-05-18,IN-SKU-12379,FMCG,Kerala,Thiruvananthapuram,Supermarket,summer,355.86,37,274.0,366,168,5,255.34
2023-06-24,IN-SKU-12380,Perishables,Karnataka,Bengaluru,Convenience Store,summer,57.32,37,244.0,71,157,6,304.2
2025-10-02,IN-SKU-12381,Perishables,Tamil Nadu,Chennai,Supermarket,festival,175.0,31,209.0,308,119,2,275.64
2024-05-10,IN-SKU-12382,Staples,Delhi NCR,Noida,Online,summer,597.35,6,70.0,115,166,2,158.68
2025-04-06,IN-SKU-12383,Perishables,Tamil Nadu,Coimbatore,Hypermarket,summer,199.69,21,255.0,167,119,6,285.58
2025-02-26,IN-SKU-12384,Home Care,Karnataka,Bengaluru,Online,winter,434.67,31,284.0,124,139,2,259.08
2025-12-14,IN-SKU-12385,Perishables,Tamil Nadu,Chennai,Online,winter,251.79,31,304.0,203,148,9,303.9
2025-04-20,IN-SKU-12386,Home Care,Karnataka,Mysuru,Convenience Store,summer,472.32,17,319.0,119,158,2,217.79
2025-11-19,IN-SKU-12387,Perishables,Kerala,Thiruvananthapuram,Hypermarket,festival,34.74,13,31.0,309,69,5,166.83
2025-03-19,IN-SKU-12388,FMCG,Maharashtra,Mumbai,Online,summer,270.87,8,138.0,233,122,2,171.91
2023-09-22,IN-SKU-12389,FMCG,Delhi NCR,Delhi,Convenience Store,monsoon,98.05,5,57.0,288,174,2,144.79
2025-11-26,IN-SKU-12390,Perishables,Tamil Nadu,Coimbatore,Convenience Store,festival,179.61,4,200.0,294,169,2,241.38
2025-07-15,IN-SKU-12391,Home Care,Karnataka,Bengaluru,Supermarket,monsoon,588.93,16,103.0,212,68,10,136.71
2023-07-08,IN-SKU-12392,Home Care,Maharashtra,Nagpur,Online,monsoon,392.75,18,45.0,166,100,4,107.15
2024-02-02,IN-SKU-12393,Staples,Delhi NCR,Noida,Hypermarket,winter,62.13,22,175.0,210,105,7,228.52
2024-10-17,IN-SKU-12394,Electronics,Kerala,Thiruvananthapuram,Hypermarket,festival,11533.22,23,279.0,163,81,2,211.2
2024-01-26,IN-SKU-12395,Staples,Karnataka,Mysuru,Hypermarket,winter,70.97,38,79.0,235,86,4,171.03
2023-02-16,IN-SKU-12396,Staples,Telangana,Warangal,Convenience Store,winter,249.63,0,252.0,78,74,4,189.52
2024-08-21,IN-SKU-12397,Staples,Delhi NCR,Noida,Online,monsoon,365.97,16,55.0,65,133,6,148.43
2023-12-04,IN-SKU-12398,FMCG,Karnataka,Bengaluru,Supermarket,winter,342.68,12,285.0,232,94,3,255.43
2024-01-04,IN-SKU-12399,FMCG,Karnataka,Mysuru,Hypermarket,winter,386.42,17,35.0,210,155,7,146.4
